28580a3f1da3,0.0,1
077c2ebe4fe3,15.673141326191399,24
1e4b5fc1cba4,0.0,1
3831ed920f24,15.539470707984606,2
2435502538aa,113.93013128157918,42
07a5248fa841,146.3696228512781,5
160aa2294295,148.00672063540333,12
19bdf6bff31a,964.5395212188287,269
1eb4f61ccf8a,56.60131003027891,7
189e384cc22d,722.8815898426692,43
18d06805b82c,16.595659029153467,9
21aeacb02fb3,126.89898374954646,62
3e6299b08472,108.5007492444056,12
16bf96d1737e,1100.9693605380198,8
119489d4b702,1114.693269687512,35
24104440c097,225.55055752190674,17
074580cdac96,8.031245260122887,14
2ce257c3ffe2,96.00120768895067,42
37ad237c5ed5,129.3619536985061,30
362eaa5720eb,1265.2353984914025,573
0267f9bf2575,200.81110507805352,172
3e0f2d7cf02f,74.98723217977022,15
07cbdd6ec66c,37.92521453871086,30
1211a6b9d432,342.8915002710728,5
32fa7196b093,6.955465377752262,16
1935982b25e3,999.0918920631811,94
133ba3c8a381,0.0,1
1f13460aca76,170.8359566577965,65
2e4b4902e76c,90.90192454061071,39
0e72337e17ad,5.917253381852788,14
096199b559b7,98.78163608868272,13
274b3262a1ac,20.506592643998374,26
1b378f3fa2c4,54.48677152468372,109
369e169dcc15,132.35923022095812,92
3f93c13b883c,9.472649852603354,18
01e5ab8b7257,1285.0186969905626,1435
0482b9495201,91.37629873070364,27
3ff5d415a0e3,284.3165062311891,42
3f4f06dce00b,91.76061210177068,8
14c2c1a41143,95.25276632675195,97
1da1a12836ea,0.2800277016654036,2
3e80b0b591ef,167.0626379315072,31
24971bba216b,195.64035916823923,485
0c2fa0867f59,54.33777536034904,11
2078d8631122,1130.5322034094934,160
379e6b58719b,0.0,1
044b37016b53,602.6859285268001,1050
153058d985ed,90.07265426093,10
02d0650f6d4e,191.11194802749378,462
3914a0cbb5dc,1054.690604294754,6
386ca27c57e4,132.96544475101837,85
0ccd059ee6db,121.53281235288159,38
01419740740b,165.33263623726543,28
3df1758ccfde,47.02451195252797,18
1083edcce5c2,11.161322273121641,11
2879380bace9,22.9887621650264,25
1bdc4599a5c6,114.07156621241302,14
3c2a24fef632,33.77110694183648,8
3252036d60e1,879.8119749628931,8
1aef3d8462f4,299.0443038328631,15
3e27efc9ead4,132.19735609451527,156
1198ae2eeffc,228.0435308190954,82
046a51f92df2,196.88764697624174,199
1fbbf3596584,1216.119061037729,426
2e0081714b2d,7.287449392712006,19
14eb24ab9045,75.2964690206536,29
38a265d40c3d,280.7470108118014,2
2ea30b4c7c7a,10.638097036058753,27
0804d819cf17,0.5649717514133954,3
0ce6a1e902cc,33.24468888821866,27
35b925c06b51,11.093497809546534,23
3e6f44995303,1179.0338065617689,108
22be65d50164,103.1024191014767,19
3bdbd828c7f9,797.6657382067879,4
30e78701135c,8.960583941605364,16
1989082bb6c4,1047.540077642574,52
00c7b5793321,52.28510187489337,184
268e3be025ba,135.86427553571912,20
000637925b1a,3.7258380801176827,6
1d502dad611b,97.90805358028774,11
10dce1e322b6,28.002714318027596,48
2fc964fa8e62,85.48025992464409,5
341412b2dad5,68.71345795862726,46
2190e079f7c3,198.80612485688107,33
1afa1b67a1c5,7.3023153008798545,3
0cc46ad15caf,6.907043967747086,2
3c5db4543f67,133.44080644713904,103
2db7838006f5,87.55679832226508,56
16e73c1e45d2,99.33700625641723,34
326437913681,142.02251337885173,96
0c627c8bf03d,104.4083856449106,75
0025d870ccef,0.0,1
385a23cc6c16,0.29769609112088347,2
1cdca459f851,118.77815142799955,40
29cf1c431775,104.1522236153105,32
36493ad07675,86.70979364559389,21
354da68af764,1683.1168395825175,5
0a40d1af7e4c,0.24285879495801055,2
2e12586a5099,107.58476057322514,67
0042d4fbf93b,121.94182899520729,33
1360c3a4f391,708.1446319245188,37
0e38a07776da,3.775310900684417,10
0f01c2378d5a,0.8008542445274998,4
10f995c00882,124.77951838733497,47
163d4c783ca9,127.8475908877092,23
3b66b2129671,8.861709311924642,22
1d0d5b03984b,104.21169913258927,83
0483381c8245,1358.7437396411478,140
10c32c7c5ddf,4.094317284925637,15
18e0c6e43712,1070.3309823406034,112
318b11c73b64,88.35859759585037,18
23edf12071fd,78.29141699721367,36
021f1524297a,180.22844710361824,31
1b884c189d95,132.73438591588274,26
1764be99bd5d,326.8753467288152,71
0ebe1e3333f3,0.0,1
3ae9f0078c90,95.43970001209618,36
112168f14ea6,105.08994003997213,32
09144a81feb5,99.24431832340451,38
0c3373d05416,898.1131882335721,312
22688dd37061,109.45899674713655,13
046c36996b91,131.0709614573825,188
14c7dec74ead,51.75916749256612,49
3c2576f55370,149.87999644433876,278
3b1bd17f6ce4,127.38508960140462,156
3ecf7263ce1a,11.070482069175341,4
3cab4117e417,10.532230513348622,31
1a1ca38c32bc,3.8065264204074083,3
39b774d92aae,13.119362487470426,26
29e2286eecd4,1239.59500330417,1912
255d727b7d85,62.740921339664055,30
04a736d25dee,930.3741935449616,56
06606db921b4,127.73215413771311,77
39bf206bdfe5,10.609547850617673,19
255cd8a957c1,97.1533633424151,10
033e8fc84e6e,132.75897576714488,30
1cd15f64138b,150.5015888517337,80
01b485299e78,122.46986384528645,34
28ebbc2226f9,703.2538376514713,260
1bfca78d4322,138.66322295056762,126
2d20736b0ad8,17.084745762711464,20
107a22f5c2a2,178.64145194740559,51
1e1e718541d3,71.0566442649797,41
055b8376a902,124.35035112151309,63
08d389969a35,7.73139175527831,16
2493717c85ed,113.76476998140333,31
025dfee615b9,108.68864159022814,109
1f179a129924,10.532413237294122,21
287b89f495a2,15.531809866719414,12
03097de8d789,60.341605839415934,13
0ee8a9cbd1b8,70.98573956490145,43
3d5cb2badc55,91.64266908013832,33
3eecaca8c760,191.95567154547462,34
0442b580efb1,150.4269766032885,203
019b9e9f83e3,1210.9020546712782,548
086c489c5ab2,9.197144533542087,10
29a89a8218de,64.94516874220426,32
16d5594d4dca,114.95631675365985,33
1e54f2a244ab,364.50918822532185,384
25cdcd61c09f,1242.1478147310845,144
34211bb5b0e1,10.237680828602606,32
39c918ec17d7,1114.4248269714972,212
2afaa8815e52,133.08334814288537,63
1a68d6f33f4e,112.5405225679524,32
2e67fa186601,145.03774365083052,41
04a02395559e,145.29810417224508,86
0a44b31aef5a,86.41376593963832,20
3ec1439a465f,67.57041474441212,14
2c859d031cd2,106.26439303007373,96
1e976da5271d,1035.6922501099143,151
1372e8dfe8bd,1023.0743587538436,27
397c16ce5989,185.7663382498722,51
34257f724383,142.11334934390106,161
0ede298fbaab,8.234939707939702,15
1cc74d8d79ee,639.1097290200269,146
2c3d169598a9,97.77435993791732,33
071b19f61e57,116.08494208494267,71
16965de8ad7d,118.46490235994872,122
1f913a5f8bb7,684.8261691104799,29
016d47012afc,67.03179674425655,14
1f860791df59,236.96470771548047,27
0742d914927e,262.7927058826026,59
137c814493d4,453.1739544267366,66
2d642d42059b,135.44206029301859,46
0e3c83b99aff,16.935376415724022,31
345211a7fa2b,181.61663409476932,100
3db6b07c911e,77.21018871432443,27
1488ae1d0b0c,0.0,1
03f5a6bd58f7,11.422965364268748,26
229f7de6987f,141.4406312552601,163
0827566c9c0d,100.60839805915566,21
2d027d81598d,153.0436263759657,52
3a130730827d,73.45659844742204,2
1f3db44322cf,647.6381324897338,17
0c73100c39a1,119.96378808155532,20
1705f39045c7,100.56864155353833,57
1ba35f8ddbed,118.93793529313916,328
1b0493588fa9,5.636427743917807,3
085ff8c43d4b,1102.4658184764448,2588
22c5bcb50dac,4.677772653907596,6
29bb7427ff68,1256.10401425885,446
10b5dcfa4d5a,123.4802007808139,207
195398cb1d67,133.6378613149609,43
0c4bc0855630,76.57557573905797,3
207aac3f295d,211.94262203935796,372
09044af4a420,201.49493617327244,76
27e5279e3cf4,186.58865886588683,49
193f0950d528,127.03491984590801,87
2a3cc4d4de4f,10.476871234555801,18
27ec2251e0a6,103.06172205825715,12
3fe90a94fcbe,194.07082790477943,28
3644d795ecdb,9.251507032819063,6
3da88fe9873c,1210.6129077105707,21
35b224ad686a,793.6157303028085,59
33513754fc7f,198.472122451235,48
0f426e6ecc30,95.57304197684789,8
17a6c885ca52,142.59867145700264,57
1634bf0ebc47,42.53283255621443,33
13d8d4c4639a,19.976133651551322,31
386e14c3f31b,6.583373378180113,18
222ecc20d638,152.03934283300987,16
1fd57a6aa57a,6.100487933535987,5
237b2830064c,14.422638064810144,31
21754650a1ee,25.557625537537092,27
0b85b5252f04,111.1656517957017,49
13282af5310f,1221.8343722510544,83
0403f9ccdfb9,0.0,1
3be4f671d185,2.8017986855775234,5
048b5f2b2279,1262.5450423084021,1283
30d2f3f3133a,5.8556326395773795,5
1611b2ed9325,151.52900339778353,37
0a8467f3061d,6.748071979433007,23
0026fb6c02da,7.157349238554161,14
0e2e656a13b7,133.02084059066146,40
0e376f064202,156.15442703417284,32
37d60d191d05,137.21573886495207,96
340c87d3ecec,662.0406543596982,43
0e2ef50d45dc,1177.9087649221692,151
181c25f2b0e1,541.182209989056,85
3bfbe9a55e8c,110.07341254824678,46
04c8d5bb00d5,789.0066772391037,126
216d9a8573b6,87.76525276002303,11
2527429d25b6,114.08342633928623,36
12fc3e221877,557.3756944168817,133
2d4881acb806,207.58953455166557,11
27e393c752f1,1260.5351891553619,450
3e23c2131a94,7.0453481252006895,9
3d1668f4deb3,252.33934065941867,230
33baea728841,13.54117368670154,24
286c6fe1d955,21.716328402435465,21
31f80a845613,483.28547406868165,16
02b531e2f95d,0.0,1
34b1875ef130,105.75756402672778,5
1dbe16c1fd7a,669.0420777590507,207
02960380d1f2,241.16394664360269,220
2f21c1bce28a,7.071542979177821,12
095b85bd60c0,329.2028907042841,882
04ce6420ba19,194.88783841244367,24
3d0a1e600485,9.983459357274114,7
25922d3e839f,162.7850484316623,96
36461ec26d49,6.603696767364454,7
333e9aa4665b,51.818330963576955,23
3042aa3d58d3,136.33739101401807,48
2163971aadb3,71.07900035532293,32
304a78aba6d8,74.74182325628499,18
1b10d40f514c,1151.4606688091492,9
10e7c45f656b,158.7567898017569,45
1c9b89652fe3,41.967845985829626,28
008b29538c2a,90.12893503013765,31
13c5b9e394df,7.362827701610513,8
256fdbf5f22f,12.142582002426934,30
235e208bf3f4,103.56373895611978,32
0c01c505c218,99.71381493365698,46
1460a8edef1f,3.9579967689824116,5
3fa23ef2480f,12.82409254088634,29
03a3c0f37659,694.1751616779984,10
15a0c214aba0,987.3951698846977,34
0f15456aa1a6,122.41187650159554,98
09c9bc6fe2ba,162.57892659826393,13
1294a19bf9aa,814.6814999134367,90
0c548b5542c1,110.3451825839511,19
2a596d30e71a,12.564290962523955,2
09a9d4460e2d,454.1063980370891,744
21e903c31a6b,83.73921887885353,29
207ef672a36e,6.660238470401964,11
357ec0a93d4d,165.17251316444526,64
3578a4fa465b,82.60878291289919,19
3dcfb148d2ac,147.98628668995298,18
2a9d6e66e31c,17.020695680663266,16
046b8306baac,263.35971262696694,33
22766e72e9a5,132.50970143343875,28
1478364bb5fc,68.53907821152097,36
31f888020eba,12.066186470558478,15
3b43cd2e9d90,2.974759615383846,6
2cb7dc8de38c,0.9800282129326661,3
3bb0f66ed914,96.86267192664491,30
239016f2922a,1266.5506390458013,18
2c510d87f342,324.9075527642053,55
0f3980f13cb2,131.580524752746,25
323a6295d363,154.23212791670448,23
0f77f21ed8ff,105.10309763675832,42
05aeca008231,8.101632749644978,21
1649c7a46079,705.5463971168429,35
3f0f7af7fe20,92.80292728756103,45
36eb13ddeec2,132.3726689761388,91
3ef0ca0d0813,158.33211609187492,63
14110778babc,128.47771997285685,29
0e143639420e,5.759396395136719,14
3c92e7538ab4,108.4309666081208,39
06d92f2b1efe,93.7988528838141,12
332307dd6376,49.810042946812246,99
06798e35a120,74.96216325294881,14
0da227df1534,10.574161345193716,4
33d58f3d8f0a,8.452729290689604,22
3bfc4274fb00,3.513558006632593,8
09520bf5cbb8,22.685726936335413,36
37e1dde7ef9c,122.0056132898444,72
1e64949e20cb,993.389071777945,520
3e66c2cb4d12,271.26280061501166,223
31dfd8b1e747,181.9004950065355,17
3eebb9af513c,74.82014388489142,42
2df010aacfe6,5.347850156857021,14
16dde174c050,9.131825180626038,15
33b7eb367495,81.82850364198384,27
2aa069a8ae6d,88.17976538153471,32
2d3ef66f0f8e,130.06021306159892,29
2778b5671dfd,111.72598943448247,9
157a05b72466,104.23219263485589,2
1878a1f9de65,128.6208262795808,70
1f4d0c5e6010,80.81693401686789,11
1e5e7c29b056,1314.557181123495,2166
184ef74471ef,127.55675037232504,38
17e055da93f0,85.05239456136042,29
3cdea1155b81,13.042466851045901,7
1539758bf7c8,11.18897808635279,18
3a7e8879ec17,6.039924927485117,13
0af15898f342,14.534075104311341,25
3097fde6866a,84.09402099497993,4
09954585dee7,102.13014424428547,31
184a9d0286ab,91.49691447593068,16
3e3137f57ff9,185.70514608413941,21
1f5d48c15ec2,187.95749426225666,17
268e91470b1b,0.5788898179707758,2
30c6308bc14f,3.1115424273666576,10
10aeaa95c795,115.21229092560498,163
222461beede6,119.92267390455163,56
3f959b997874,156.1034747189342,10
21cd6d198cf4,1077.6638873174415,55
2104541ec0ec,1.1552998787628894,2
2048ec913bfa,129.36080605608277,90
069a5ea53772,0.0,1
17af081459bc,44.00073814357165,19
1f5ba6738a7c,213.57151396416702,36
3821aa674e3e,83.37550214415023,33
108ab4cf6d20,8.85800401875531,16
0ea378571233,121.99127690198475,93
2fc2dd1cf2f1,123.47797042479942,70
0e022b84f461,128.4890505938056,50
30991f1271f9,275.92505546868415,8
1c120104f6f3,7.3711329231155105,15
187e13ea8115,133.77842836718446,53
2b9c56f4942d,9.939863536485063,8
3a566debfd00,17.588495575222623,26
1219c8bf87ca,96.20775706134191,48
2e8683d149e3,0.39025236319412215,2
16f09040357b,9.210687134860564,22
29df75cabdf5,1074.4947583063986,143
3cae9635332a,533.9786909005061,3
203fe2290103,107.53701524017379,28
2ca38c74d2c5,101.35360233496249,41
24c797ac7898,90.77105294326975,15
2b86bc6dfa5f,64.53906859769268,19
1a1b522d8303,84.69581749049394,126
36474e5e3f09,0.0,1
2d5848a9f458,354.442855130721,113
22f03d3bf6ed,77.07902819263836,8
1150aad18f70,96.87851729571776,112
32016b8079e0,119.75274214537967,18
08f3bb5805d9,380.375013875866,50
11d951e0c543,0.2766889554968657,2
36c3fb492af6,161.6463985897899,233
007840c7e2d2,1232.0569961442707,561
3b5a09e6b989,95.95314164004276,20
26117b00b3b6,0.0,1
24068f956487,16.538896185211343,18
33ba34bf93ce,104.42407842336343,6
13a6d0025a88,171.9058578959084,435
2a31c68d3b1f,27.636702217707352,46
306ad97a1326,8.210414074994333,8
1d0bbccc5a1a,96.27752534079082,91
137a93b9e97e,30.265647468402676,44
337806ecf059,90.51929320232011,29
3bb1f12e83e3,12.28894921538813,16
3b5858a35cb2,109.7533171528903,123
0020facb3add,1256.571568437972,797
155306ba5d1a,18.852606428075887,32
2f982861ba24,91.23487986425243,16
24a8a3495bf1,20.294941832489712,7
3bf5109c4b7c,4.203731402030826,9
3cd8ab920465,1.793528505391805,3
1bd3dfb07b9d,0.0,1
2eca1b80d099,678.5695038463127,20
08ce3e576dfb,131.69580290625163,38
011eb004abb3,1.6257341163907313,2
3ce9f7ec5c12,12.106368089573152,26
06b8f791b0e4,103.30397934185021,30
30af1b642777,264.28793225123536,205
0bc3dab7a125,0.0,1
1aa5800a6513,863.4577598988071,33
091facdf9ba3,1225.7215947314799,78
1a5a6fe054d5,83.735198066468,44
2d8d167a116f,15.117807147618805,11
35d733f39974,31.41626635746252,22
3873450657ec,53.80037961820199,18
23d075e3ed20,359.80051102017023,36
39d518fd98dd,1130.5554062733027,1096
20d5ddd07815,309.5422623150007,3
01f1877a7742,1190.2054124542883,69
267ffecb2ab5,111.55404768636345,31
30701723dd50,160.9215160000458,76
344c6987db5d,99.54034111527744,7
2012bad75efd,62.67655002668289,2
379110fa08f1,107.03414796591096,28
04619d31ba40,799.7800879231581,50
281c3fcff4f1,1032.4686632198027,10
25205e78be3e,133.48400556328124,290
36eaa1d4ef40,116.40780774477912,16
2c7809dc47ea,143.9450875810653,70
3747f5637f93,130.10729497540342,73
0bfd5cfffd4d,18.077119945399318,7
39c5605e398d,77.64240709785372,7
141b00ced5c5,810.7607869848835,571
3e9f4e9e6514,31.18635502210992,43
03ccce5a7019,6.484789710086261,17
335facf1c8e6,203.04781788346418,48
1e470e563034,3.6916488222705084,3
3ceca1eff1ed,1294.1159852364326,915
3af23d09a4d0,14.077136579160651,15
0644df5d1c07,91.79766223296792,23
3f03b5a62e5c,16.812868935348888,25
0844700c0c7a,136.3769665495638,194
311bb35113b6,142.50218075123485,26
16ccd583fc25,129.16200617422146,17
070cbc8389fc,134.94437361607186,14
1c9fbbb34df1,101.50062155922933,7
030f7d500a25,11.38424821002377,29
1677561a0649,107.43459690336351,21
297515c54650,118.40350825210044,13
36e61993f051,12.354478498455137,24
3933f0337e15,140.77485380116923,141
29defdac1517,167.83660294151196,57
012cee2b81dc,0.0,1
0d6a17b444e7,269.3021373490883,223
2edb48618d9d,2.9126213592207932,7
1f1a18989a2d,132.27046852815897,27
28d1ea009603,126.21540847241522,52
2f5be950a05c,136.2040015039256,29
2e4be5261513,137.48036443606725,15
0733f1ca7bc9,207.89091984709012,490
3ceb40c93a9f,19.91930532409242,22
23a3f1447535,28.449394463668796,12
3ed6dc89a889,338.96500166483384,40
3e3ba350d225,93.40626088200315,35
3d75628ff101,13.16737635113077,24
229c4b9d0dde,86.26512431857554,23
13bfd44b5abd,1127.8637412960743,15
399c6673f988,118.40499748138609,18
31a71d43c4ac,158.82805241405913,25
0a8d7838638b,536.7513914906522,10
110b7c3a51b4,9.090217556671178,14
2e35484502c8,109.911233346681,36
3ac80746075c,32.18386491557612,23
2b18609918d8,83.9298478505043,246
3c744c8eee89,76.73293230943955,37
2e2d2d8b5cc3,129.67569225621173,30
087541183090,76.9763483036404,25
2e7bff78c424,140.269620928991,11
3213fe2e73b4,112.94351170291975,20
20ab547c7a3c,433.76820791746286,20
0a9137f1292f,102.35856211132887,26
0881fff29cfe,101.84660687958058,28
2b884690458e,45.72096751602999,39
1a569ffead00,78.24313298884954,42
2653755910a0,29.01464006675087,19
3d6fa78d43f8,88.58667948954462,5
35b941cb8103,1088.4897179559616,316
03c0649d5dfc,101.6018966456304,18
2d59ad32d920,100.4520558888089,39
0dc2dff50f6b,6.060731510424375,16
11bea923122e,356.9448843699802,32
017473179e09,1.3603910722376895,2
0b665c77f032,130.08273635355,35
0dae6d01ada6,1061.1202573520898,587
32d4a1d8b46e,11.607599891602149,21
1e512a1458de,89.7525483557256,111
3fe6ecc4add0,99.84202211690354,46
24a756d1fb43,113.09721676588742,21
2e56a5e8a421,8.1007547832196,14
31d381e82032,175.7970102441468,33
163fa3d2f9ee,182.01901419911565,11
204b27adb65e,8.892025405786626,26
0496b3c8f507,22.12072855334918,18
3f712f92575e,8.9727628822111,18
2647f8fe9f14,6.1258477951305395,9
1dd9a5109621,149.42283786183543,15
2d3a50bff2d0,113.0271410034602,21
1a45851629bc,38.03436202263674,26
11f4fe878fdc,194.5436375749523,45
138af0e48323,1332.76927003223,834
06664e5c3660,11.038322961022459,27
21f2a864f6a4,136.760931077775,135
05cbb4c59cf1,794.8956078094416,38
054f4ec34550,97.26250133276426,80
3b5c52d6f441,2.578909896368714,7
3cf89a716e31,120.39819419131618,64
1f953649dec3,92.40765025254768,175
1e0ef340ded7,7.69432291530029,20
24a2b67a6425,7.669122572006017,15
1a9f650f1749,78.27890062328152,49
2d114e2ed157,2294.000400237088,227
1798d1d66748,106.80716041036067,21
05fd2eccd236,9.021361152508689,14
3701dcf31b30,89.68848285157947,129
315a795d1d14,12.34519908924267,16
2c9296e86015,37.15326989269215,4
3c4712732749,63.416465193378826,40
3707fdbe6d4c,110.05715262058106,15
2569d37a1f03,86.76836185465436,14
29b1cbae7ae7,129.08492786865463,34
35aa9632b1d1,144.63111270189256,34
3172a1f9cbb9,21.904917764504262,18
16594772fd97,10.772148643438413,24
2727da3659fa,78.33523375142431,8
3e10eb9af0a4,18.980906112301454,26
141d8809eaa8,1039.5327991185154,100
23dfd5047613,0.0,1
1faa0cc904f4,75.98547787540883,30
01d7d19a605e,37.04103307596961,16
1dee6e3dc609,771.1399946786551,5
30cdd8e1fc0a,106.28805986188672,54
0861277f0f2a,108.46258177961681,33
06a337e173cc,63.22850915678282,27
0d24ce822e84,93.54997659464243,51
1f47386059c1,87.97657795221676,28
35de4bbc73f0,33.714384688661085,35
208944a3040b,625.2671095349469,12
3e3d14678ec3,50.549232414370636,8
31f4822e9c23,58.808813588394514,21
23a179e687fb,148.63237000607933,28
3b04cf126f4c,1297.1817992677788,399
21f13e1759df,104.37806750775326,30
3f36e1130db9,631.2354711868502,85
26b3c391c22a,0.0,1
08a892310fed,6.275673208580429,15
03e387cf5cc3,76.14014093870537,39
3141fdbcbb3b,9.467166979364265,19
2eed5930ef70,1027.6665067123458,129
2e1d244264da,70.4790621271004,24
0f71d099d546,35.75247736507663,5
0779c41f356e,111.1063282404466,71
15ba7415019f,1256.1622017607733,529
136a315f75a0,8.38042435227635,18
30c11aebdb82,0.0,1
30a950dce6a3,9.064593499296734,2
37363400e0e3,138.97751741429238,20
3de9ce127bcd,75.02350655049304,38
238fa435d007,425.3847544317423,318
0035950d9f4f,59.122684376092366,6
1a3ec441f306,520.5836281416432,61
2241e1854980,1.4530852186871925,3
0d2409d4800d,299.4045068856467,8
1db567f944a2,81.13207451072594,18
3d25589ec3ab,0.0,1
29bae7d78ede,5.895701051314973,4
3ad2e1332430,1181.7287187413133,34
069a09aa3e6f,667.5774936153794,28
1a1f8ea46fb4,937.056857468142,1542
169e7589507a,106.6630505532653,10
139ae4e6ee92,11.368402656415128,31
014ee3fba5c7,120.88009450679237,22
14c9c7b387f8,500.79197339561324,64
2dca4e7e9727,26.659208638342534,14
0539446ee583,52.34498803061433,31
01e647e20dad,105.8871427408194,47
1eec30b2bf99,14.888657797542692,21
246e11475440,115.93223289141315,168
2cfecb2e8c79,134.52066201728303,99
3540d253a17f,140.918934186986,10
310b3479eb26,215.38537390969213,13
12a1a0ececa0,82.69541157481945,41
0c657b4dd22c,372.19792365866374,4
22e714fb6e29,716.5161814568237,54
2aaa46f73c67,785.6029551415886,59
27a372526403,23.20577050763586,21
0807a7002ceb,103.52247953396727,28
3d1e3c80130b,1178.462162660242,99
1c246c631ebc,0.8821533589685586,2
2e79bcff8e61,137.521773769432,22
15bd2f6ffbd9,148.13173892155464,11
3f0ed01c8e09,57.78232884727913,37
33679355be2d,85.34079582918093,23
24f9b000338a,165.04164012975525,44
1024766ebf28,862.2068166534627,54
1fab3a2c7cba,9.795677509773668,21
0f78b42d0a50,117.80156173210253,31
08482db9f2b3,11.879702666450612,28
3853ff10b4e3,9.7089857045612,26
051200139442,94.2699910694937,17
0bf55a61a02c,11.572265625,3
165d25a9dcc5,1286.2599010169724,221
1dac6f889f88,1155.4270665984036,565
2dcaa0f8656b,0.0,1
29483797aa5e,121.72092168990503,48
383f990edab0,3.0888682589247765,3
35b79a4b356e,86.78060889662629,26
02ae477056aa,120.30380942386387,172
39043588c681,82.30756329438555,75
150d9c870e3d,103.05253311013621,39
090abdfc4e17,10.291472704187981,21
199ef1271daa,9.518768829899273,15
38b9f61a0e52,194.87179487179674,19
11844c7884c0,58.096510491941444,4
3693c85b345c,8.611007113440792,18
3228c5468659,83.21953634813872,39
24d4085363c8,8.019627386336651,6
2a70a9bfea8d,136.83765347885492,243
1beb1c87b3cf,143.3812475273644,49
2203eccbb6e5,98.01388068517463,29
377001a10a0c,1142.2317878846588,26
2adfe14854a7,115.07268387936642,35
3a628b9fd276,1223.5368031206458,2065
3c644689c96d,155.41859270672649,25
3c26c4311857,157.5796243364639,156
1a80188855c3,0.0,1
25ff9fe271a1,139.44552984288748,4
0ec119ccc456,145.63424889422822,23
0846c908cef6,5.312561624927184,8
2b25d8d7bfb5,1222.9380952104348,241
2e40f9adc6d6,1046.0864409606838,114
27cdb8627ea6,10.99863833722884,34
1386a8d38fb3,0.35450772423246235,2
027af75e479f,52.26249897717071,138
12d96cfc8a6b,154.69701932525277,44
17ba06882dfa,103.92029711725263,16
35884f2f9af4,102.11667634132027,42
0a22cfce46c0,1207.7238236769008,376
3067d76d1d0c,776.2927871062893,32
10422b5df1e4,102.92028413575281,13
362f3ee36cbc,111.9756477837982,38
0af667709a98,137.24651529591938,247
1f89d80eb1cb,125.06802909979433,71
35cc44138f50,95.91873659179691,23
07e4fd269f0f,1161.4055001714441,86
07660dba741f,0.0,1
342c1e718804,0.0,1
37dd6ad9e808,349.68345853130813,24
2ddaa8398ec0,113.38203848895137,42
352fd316dc8d,55.73849104859255,10
15c15f096426,110.76214920757957,43
3f23a229b923,112.41627101245103,22
3006303ae8fb,81.22897019885386,30
38324ff86094,0.0,1
3ab9961705c2,98.60734734559082,28
0ae3fda83468,1205.6744792867748,65
203274a4683f,606.0189478863213,56
30cc0af54679,130.27350312479007,45
069d3cccf03b,364.4179200677827,26
16f7d6fbe4e0,138.69969411364218,174
31efdcd5863d,153.76796041943453,397
1bc40684359e,127.0656144558152,18
3cf384534438,35.699015386468545,12
1d15eb5ad939,905.8036759851002,351
2a2fe3277458,1194.413814920048,111
1e415f231b65,91.91476724329914,79
167008f87afb,1046.3946821030004,28
28d2e88228c6,92.64447957040466,35
16ecb18a4173,127.81545007312889,45
28f026ec97ee,108.03079763866845,38
3f2c2be422cc,42.19388386777291,32
114e85ee493d,36.81368563309297,43
16b3b321a9fe,112.4118739071946,97
311b70ac1113,222.1807849405086,10
302333a0af19,160.04359244724583,34
1343d42af47b,18.22636886250166,32
0d68a5495b90,178.29352687990468,61
119d4305d5b9,481.9664762343091,6
1e22585077fa,1090.1579394653736,169
29762b66a14f,26.799274242322554,18
05a6ad74d850,91.41274547505964,29
29f40c6a82bf,192.03665214736975,173
274b474b05de,248.81189095960508,14
078588077d1d,127.53688842868236,26
2cb759e96883,128.4143372566191,41
041d010deba5,1175.2327073960696,167
11121bb19ceb,111.56153761167297,21
1c1c29a23289,115.80949888253599,82
10a4ebe0c8c4,17.8892140046446,29
0a0cbe27396c,84.17316692667919,37
02578a60ba59,163.44121164671378,79
3c28ee387f16,14.01624801568687,11
367465a2ff4d,122.96924439944269,27
1c647f5799ca,180.03494388817967,26
0506d54a7899,15.456929908843449,36
2dbf4ffb7d2a,71.82922318592318,20
103423f315a0,150.8592079061873,11
2f340a0c6d89,8.48600069132408,17
026fdf600a60,106.31260894828597,38
32786c9d638f,141.39911239910361,20
1a80f84b8909,143.87044697810416,185
138242ddde4f,2.393068353736453,6
343978b8a7a1,1166.1766343338786,437
00f46a272dfb,0.2513352183486859,2
0dbedd16b6de,0.0,1
0d0a00825566,197.8620078800268,114
1353d4f7934f,12.419902554260261,19
38c803b8694b,107.23721244214175,15
1d2f8dc4066a,610.6730246656807,130
302149b7df3e,8.964302092637809,15
0bd7dd347ef3,1101.6474967694048,2379
02404300c5b1,5.389974333451391,11
2713893a00c6,15.188223568196918,31
0ecf46e3ecdd,1091.0517813619226,365
3359b1672220,37.58089567693503,32
3c4e1b1b95f1,140.88206144697688,26
20cf9bc99ed2,134.1709879005448,71
0868e74516f5,12.023836222087994,16
23399722c090,115.68983869264775,51
325605aa3eb3,71.33237886448114,14
2ada13eb98f7,124.24004367032103,11
16c9e15d99a0,6.826690741083439,13
15fe82779cb7,100.67141459171398,33
3790a656f40d,2.649191299497943,3
38aca45d0dda,144.5200816882225,30
21954fbf98dc,127.892518430981,26
1e54993ed00f,132.3845894168262,22
1ce39f60c3c7,751.8174057103242,7
2ebda023350d,125.24290554511754,74
091fb7ad3887,104.53108535300271,47
199fd5fcb2aa,2.5285451860399917,3
1a63ef00102a,149.8623528486387,63
300ef55a259d,7.78013219899367,12
3ef295cfbd0c,8.18832718594058,19
15d63e9fb8fe,798.0200548150533,122
20435794ffe0,172.93785154193574,18
375cc8d3609e,322.0654052118907,4
29bd8858cc64,8.337319756712532,24
3768c5eca7ec,135.64526695053883,103
09b8d197c04b,4.043103693384182,4
12202d35dfa9,855.4709371358222,35
2957930c9643,0.0,1
0c000607a9c2,63.04867937936433,22
0ade272ce3d4,27.514406871805477,20
10166b816b8e,441.4909160735915,174
18aa27f0493e,213.92983582245506,112
2fd8b902122f,210.54233098323675,81
000150b6eb2f,115.1176060356338,31
361d8bbf5586,6.944807742609555,6
1d7796bb1ee0,15.606649574062885,34
2ef9aabf17bd,987.7208640517765,19
0e82f9b43c0a,106.9563908996206,68
1115c5a757fc,101.30938635446,132
3024112689a1,206.25288110187273,83
1cf08ab10b16,80.21290533900901,10
3a1cf77841a2,454.98613099886916,11
057ff23ad34f,134.43789440880937,43
06604f182e5e,0.0,1
02af1678c2b3,158.20931428691256,46
0a85eb98ceb2,99.39546225606045,31
201ff6b286da,5.779291553128132,7
1b37ae3207ad,133.26619284665867,50
13bbd43cb8a7,769.6693013258397,109
258adb0f131d,75.13575777521805,27
352ac7d3dad7,117.04392782596187,24
07e36816cdff,111.76824061481966,22
3964151fb6c6,106.40853710731426,32
002a1cc948f5,13.422417231749932,30
2897e8351901,112.04909196450899,22
192ca1629511,174.6878312444951,27
00da54b80152,57.2650617133113,5
2672586baa49,24.02699002542795,9
06f9ae2a2921,45.6483885749185,36
2398b5d009db,24.022741629816892,36
350c65f02765,124.26777664718247,65
04eb8ea6beb9,1155.9583680681917,306
370b448c2d2f,1105.4311315903979,102
0d172680ff99,21.035265003098175,29
2eee5c4168b8,112.04811043531663,7
1348b09a3c40,134.66727812507452,27
3aa257e13aff,234.31833430501865,9
2b029f2306c8,1160.8273220807005,28
1ca59750a50d,128.937153693445,6
0e8a655b74cf,9.59164048515595,17
0f131d28daa2,1228.4236305088016,370
14fd9de8710e,14.00044330707533,21
3e2492b224ec,0.0,1
330db88cee54,93.04080794100264,30
1a6bf08405de,11.188431010110435,23
0aa974bb20df,150.42715936075365,91
17dca001dcb6,102.10624558570998,38
0e05fa203054,24.411714914507684,32
31d954349fc6,1754.3316022705403,139
08147eaa7c8a,136.3738138394283,91
2b3bea144742,0.0,1
3b7caf70304a,9.974308599062851,24
102705f3e07e,1191.1367640816425,457
2dea54040faa,151.62519045200634,54
028d476413d9,98.74240388550243,40
3978d52441c7,103.67488914261412,49
11996df42b98,129.79532462229508,29
2eca867a709b,1109.1776316949326,119
3152443fed5e,137.91219677884874,231
1c03e14b498f,904.7682079716178,43
1e242ef14673,29.617986742297944,12
2b147fc5c3bf,101.79112567444281,38
0b0d09b35f94,102.28801745560304,25
1b7657ebf3ab,1096.464037366216,205
0086e610f87c,9.020151402068223,10
34663458f7a8,136.81097069104726,31
2eeec55ac8a1,0.0,1
3a45e908d1c3,14.70102737194793,42
355e43296b22,97.38953078113377,53
1bc0dc0c05e1,466.14792492953893,134
241a51c3a98e,1099.6613766171613,52
2ea47c7b9f3d,3.2597417569741083,6
1395f2a4b861,268.14171986724614,278
057728e8d328,107.98516452164768,20
39958d4e27cf,312.9269344852719,7
3017b74dd36c,412.79814520776245,115
17ff33480856,168.76444259394702,35
3b614a68f8e8,953.5685513726348,31
27234332163c,0.0,1
3bc3464ae217,245.3859142337842,85
3556160e752c,111.87093849176381,151
16eac90e9789,87.78373988546082,153
2b782cd02321,63.54265374761599,18
122e79a89a15,6.63062112620355,17
0ca805fe5f3e,105.59583521525201,19
02b8ea78d9b5,13.098357630562532,31
04233bd65523,27.46507390159968,49
2d6edfc5f04d,105.1215676787233,25
2451b6072ce6,160.7417210488984,316
0fe01612741b,66.4022272044167,20
100f42ee467d,11.416085256458246,19
286547276a10,2.878759918803553,2
21cf1ce9e728,192.75002501401832,59
3f2cde7d6975,6.583598049302964,15
1613862b7b97,0.0,1
1f0023333fa7,90.13043538852435,63
048a9aeb114b,798.0445479454374,35
0c5d38605534,118.37515059451835,31
110ff1458b73,1180.723877066157,349
309100b8c828,125.34530386740516,9
39595d4576ff,896.5155540015858,52
22b8b3e6c36c,88.18517680766041,85
0940f10b9256,1120.2715068487232,480
17994ec92ea0,18.932368242479072,29
0e990ee10f91,6.515261868502421,10
1dbb293bdfc9,64.62470290577403,3
1b81d360e9ae,111.8848894189723,38
197e322e92fa,2.2436444292834494,7
02742c87c6bf,161.31610102604645,27
25460c689d7a,1.8429922800914937,5
1dadd46a43ea,5.889402499575226,19
3acb01c6680d,333.6606330751065,2
24657a5e5746,10.65429849262864,11
3062decf5ee4,5.810312820371109,23
3a7b32521736,634.8886138045527,40
0e45a5c8dab0,18.05846897320953,34
108189a08189,128.47755590135512,15
1e01d63a7c09,10.270970312809368,31
0320c63e9019,101.68433231032031,96
306cb443f7e5,681.1823210589027,62
2375741bbd95,107.57883484767535,34
305e3bb09e5e,12.460446420936023,27
1e74261a457c,100.28081282548737,34
253d6493a617,352.82703146322183,5
0568be63469c,11.21216427455147,18
09aff59b0d45,116.24731811975926,58
3e52a2878cdd,1090.813444901628,42
17a04406d29d,100.93258650592907,13
3bc00d407ab1,96.00032694874972,30
351967631bc2,261.3011011264389,7
1cef597476ce,124.83272076147477,16
27fdb4d4160b,10.696907439445567,24
10c2bea1adde,141.43733523861192,361
03ae606a4a9e,150.9174569328352,88
1371f58d0cc9,11.581956008449197,24
35471d211614,16.495400679537852,22
221f2466068c,56.13941703749151,22
208207b0d349,92.51429331205873,30
39b215b8d015,166.1740100390416,44
3959eabc17f1,15.881807592650148,27
075af018b643,96.80702503758948,22
3a6d17053776,746.8524755876861,104
0ccfe3e6df3e,4.538179079183465,11
1c484dcf21a9,72.39815848214494,31
2eaf79f9dbcd,100.08251959839981,32
0c25afa76051,1.1054421768712928,2
2675b2046504,276.8995395158245,182
2d0b52b5608a,0.9639675575053843,4
211dd7790d62,955.2322654575219,4
39c72d9fe4e9,33.03233503373383,42
362c82de93a1,12.83515892749142,22
30886b156c1d,231.71754851844526,457
3f5bea2f41e8,727.6463146601309,92
0fca78531ec8,92.63600768500692,42
12ca2b8472e8,18.563395897679584,35
1e4df7cef9a1,4.861960137614005,7
2eca49277311,1190.0358871352146,636
01a236dc8a61,12.200632625397702,6
23dcffd2bd75,137.74465636972673,65
386897eaf61b,97.0038237913177,38
1cd832f98c5b,147.30876167391762,161
1a98cc42f55b,94.59710541756249,24
19b95d72b7f4,7.901353719553299,13
16ba7fd65043,24.4993045897063,22
0e0672e2291d,15.507168310272391,26
320b50154c0c,85.83408954795414,21
16b344c13a54,1172.3457725414773,225
35fb5731d2ec,504.6683155309775,9
02d40dc970e3,5.423758136717879,12
0b9330d5a92b,181.63039097138244,30
0a20cfabc12b,6.029137778321456,8
12a23667bdf0,556.5364795015666,12
06b2682045e3,119.48122705199421,53
1e6f649fcc40,15.421982597556052,18
3855e63beded,116.45865834633514,36
0072a8c61f31,173.35473515248668,5
3d531fad2672,123.38739631051112,44
160f80333262,109.68108392674094,203
3818f8c9d0d5,69.77489855548629,58
389d93680d66,699.4375636089044,13
219ea15582cb,95.39334020743627,44
11de352bf50b,143.1767500834203,136
153eb08ce333,100.87753924635035,43
374c9fa503c8,11.387307017732383,37
18d28f93741a,105.15750860085791,31
2c4d1ec3315a,10.041637376305516,15
2a4f3ccdea00,12.641181581231649,7
355a3258128f,620.7385753991803,27
36f36ab2b10b,1224.9900460106765,10
161d5b000697,118.79279663150919,54
0a79d3ca2fff,164.520600141077,2
3ba03f26a940,90.00489289986035,30
0a00a368d118,308.06828811973537,17
1948e02824ba,4.905109489050119,10
303171d562ed,1070.5869166053744,17
14a299634813,11.847829177446329,19
0b0b520a2f02,108.14209382708214,107
2febe10c3a18,124.56125496137975,62
383b933f9bc7,1203.095430018726,173
2dbfd8078e63,0.0,1
02153aa80f78,13.443909745757082,27
05063dd270f6,14.334362873210921,19
0cd3067c6f86,3.0153377569913573,3
042fd1603031,0.0,1
2a87cb6f99c8,1327.1209266148908,397
03fb4dfdc27f,74.66387657654741,88
0bddbb561799,6.158714086825057,15
133b17cd7f3e,29.422667673505202,12
1bab235e0faf,88.14046772118309,26
073c878528ed,0.0,1
02753e6ff7e6,39.503684937815706,64
0954ce105075,96.41859558712167,23
131145ae5446,625.8379620803462,547
1c8083d5a806,60.44944524541279,43
204411d7d7da,0.0,1
09e9d21b1961,99.80697097984375,9
077d889e7c50,1128.9638967332776,56
322a1055b3d4,113.5873617184152,20
1829d003e571,5.330155462866969,2
1dc65408d0ec,33.45365691120105,77
169647ceea31,120.55810768396805,12
2b8d04c3523d,4.494634951599437,13
1e9d02aeead0,3.637847606831201,4
267c9975dcdb,209.83362545831187,154
10c6352dc25b,4.748500530498859,10
105286e6939a,123.58676077911878,50
230044facaad,18.871334460443904,25
365e204684a9,13.936022253128613,34
154e6f9a6707,67.85343933632885,25
3377a5669114,287.92761273464566,48
005c750ee155,852.112401812552,1124
00da7d21151f,101.62801920097627,23
341792fbf24c,4.27454118375681,10
2fc6adab50f0,0.0,1
21f5e417da98,135.72552368965262,23
032206b0feb5,119.18888186986743,21
0848a5c915b2,13.898639436047233,24
0e1b5bce87d8,3.5110654589589103,6
3f642d6344a9,103.93363350863365,30
15b335bb662a,4.665268833308801,8
2afa6235d792,103.71278199329754,18
3289912d8dc5,104.50100967159142,49
239bfdd02924,113.84254262921968,20
2e2672cb65e8,95.29642119003256,68
097f09d4f4b3,518.8136631235066,21
21cd099f78e6,9.029436307653668,21
191ddac20701,773.3900734665076,66
399d96047d59,2.1605017939691606,7
39b99968fcdc,97.95212853521207,31
325e4df397f7,45.50071457737795,27
33f99152fe74,875.9144227667566,1626
3e446bb4235e,838.2890193543781,69
2db73388f2ce,1193.515099244576,183
3e6062a03fb0,124.33860614627338,71
3ebf4ca0e943,99.25350790122502,27
3a05fd065eb3,0.2725701369508897,2
0edae4ee34d8,131.242754199724,68
2eeab4f9a7da,20.1050688626965,14
2aa8203a0642,133.14285714285688,134
3e5753c5bf14,102.72783089202858,23
1a5c5e6cb870,119.00160386639618,40
368fbe9b86f3,165.60568444117598,43
1f614c257382,3.3427892356048687,4
3d67dd0cc517,1225.6392755492452,64
32dc22a28d44,0.0,1
31a56584e8c5,124.12927777748337,37
0bcc589570e8,110.61034071213726,26
30e85a6a34e5,1340.1427864158395,1535
15c547bbcc6d,101.94660372864018,17
144d63f050dd,69.48300261961413,28
276e0818f1a1,195.84694983673762,37
2c3e1c79c49e,39.62099321282176,40
2119767f368e,122.16461491017071,221
02cfd33a09e3,1421.7852623599938,635
3d31c6a93071,1246.7432200824815,76
34f13452cb6e,19.678989806785466,25
238acd728cc0,236.2679687026157,35
1dc668d34880,133.1355334516884,48
082f5cc70e75,2.749111091838131,8
144555a09fdd,0.3289473684199038,2
01b44e15662a,186.82704349243795,21
1d8a71ba0cb5,140.28229789328907,46
047d882c14b6,70.45847750865141,29
238f41e9cd9f,132.94512756622134,3
31de2676b5a9,82.86520818630925,13
321399a6c8a8,21.90825688073528,3
3d4f118786ac,4.108340716360544,10
30f6f9060219,12.25213281069955,16
249d33c6c860,14.051046328777375,34
124803012afe,122.66277372262812,6
108278695e9e,16.079817457833997,34
2380b2be4d13,11.496769088753354,13
152c570a0f1b,78.78716856724532,24
19d79882cd4a,715.3814519710654,19
190c98ec2a55,50.88171190806315,7
3a4a80cfe5d9,107.61803453072571,27
0fd38903f44c,13.7353638563618,23
247ad7bb9223,23.416664706850497,36
01c3394a5f19,27.690321655252774,13
08dfb2a7a494,118.92583120204654,27
3cb7eaf3149c,115.44260760304496,29
239d38ff194b,80.67024337143357,46
2b5d36796d9b,0.0,1
297760574076,153.872908918358,25
39337d39901f,120.2089175972742,34
34788c90dbce,124.7004535801425,81
2ad0d598d97d,127.06655944989598,24
2ea1ac5e90a2,1099.5616957123857,653
129f88a5ac54,91.85730150083873,34
3039779bbd3b,125.71771140112469,58
1539b03a3d78,1.2979736670095008,4
2c2b355741d2,171.40047115913694,29
120ce9b8314d,83.05388079762997,33
2f340cbc5755,62.33703427570072,38
2cd42ad5cbd0,85.68674025429573,35
0fdf55f01d15,4.878484631880383,8
247fe30ceaa5,106.29772494686404,25
1297cb3c49b9,101.78954355151745,32
27e80cdf0ed6,1245.2923280491705,807
0a275784503f,38.19850296193181,10
19007ffeee8f,256.79684357568476,29
034d5550ae75,198.7269456938302,15
1e0dffa36e98,96.77089749169727,30
1e6d97921f57,1281.6109962961982,459
0353efd74caa,16.787496469263715,26
3d50584e3401,165.80771281322086,39
0f50f25748f7,123.2278362511097,84
3842f0e80e26,152.019981906069,392
0f1240116ec6,30.39200495816476,21
04b854387c31,98.53174903504078,35
1518e843ddf6,241.66589965902676,108
0268ee07d62e,257.47269890795724,202
025bdaac9a3d,139.29636411195315,33
03d9797a48aa,41.689325497762184,49
14975aede8e5,162.71346874383744,208
3aa9e1993c8d,126.47920161496586,50
0a4a3e283846,0.0,1
19e6eb2391be,168.0046557252681,125
0a1716e52c19,14.97448979591718,9
33a447ea0e47,1222.0207433766336,53
3bd0509f9ff9,18.634243837444956,25
385bedbe9197,9.433344251556264,21
328af80f6e58,701.2206080575124,11
1065f7af7092,128.6768138948537,84
13f9520cd79d,1296.0878915207577,650
39faff85fa10,126.62990773322963,29
13225573f3d3,144.2258408969567,43
0c660dea113c,168.10476908484998,416
2d5b72b57d38,25.778184671726194,32
39fbb74fc18a,96.25695258457563,29
3f4e4e2104b7,150.82923174180542,50
2e4bee34ee17,12.59654084630165,20
35f9c05ca499,104.28655314151547,38
2485c716210c,115.6778950896587,175
2a4324e24ad9,120.03348214285506,60
301eb77d1b10,242.49384526740323,332
1ab660d31ff3,7.608236982021481,2
12ba013daa9c,0.0,1
18d70b6f6f4c,125.33383106810288,131
1b788d130102,16.67965705378083,8
1c2c92fdb985,227.95201381758307,2
1d558e02f52a,417.07086383455317,72
1e4bfbab3ea6,16.521764163975604,31
1f03c9008352,83.7629601445824,43
2ed33419eb97,294.279861758856,76
09a940160312,9.101402947962924,22
26002e98acb3,105.25605579336843,5
028ad4daf7b5,0.0,1
21e11fd9c0a7,11.124876114967265,28
1fb97682612a,2.6627218934881967,3
3b6d3c02052f,13.087633747760265,32
0ec9b8825cc8,161.5504756495793,37
34d40b5e822c,146.04756036810795,43
046a1f512bcd,93.95742307334785,38
24ae68debe37,33.29014277332135,32
3bbb9ac405fd,155.13552068473655,3
0f55a256c0bb,0.6192514342951654,2
27cbafd79da3,496.16310907144725,26
1a28e4f01872,1056.453803335433,15
01b22241bfa7,201.89413021137807,33
29efdfae8893,1139.0906467721616,47
08296ed6c0c9,126.60492525230802,61
2b0e6c1dafd1,207.18424531429628,53
39557b08dbed,166.30374607861086,51
21f4ae609be3,83.52346453287282,62
1140eb2848ff,150.69334737581266,152
0d14e59c63df,101.67058761333101,44
262b90314c47,1236.6285362082053,101
313dc304713b,882.2528977176898,59
09d12af8f877,1235.7536117833197,482
01a9c5a5dec2,642.2083690021473,19
290b7e6e3f58,77.8856362809056,20
24444e4aaa94,283.58624429802876,140
36a557c74153,105.67768756008991,23
24dc9bbdd450,122.64182367024114,156
2cb24a4812fb,0.0,1
090d40a1acfe,841.1322659517064,11
1389d3156964,159.24236109587946,380
0af077a73d5d,8.706325177972303,13
21a708a83dc4,0.0,1
3e12f6acf266,20.378476485348074,33
0c12a7688bf5,140.05301339285506,38
1c00865c6d3a,94.93478116930419,31
12b504a9595c,2.136081677970651,6
140544f4c86d,97.57485080766492,30
1c6b5e92685b,135.69085056332779,206
21ee41df3cfb,12.244897959186346,11
2a92b26efe53,129.0447017987833,140
26112ee007a8,1224.104696308832,1039
01fb99b8e016,129.3415422209746,84
369b9fbeccbb,119.40019872933681,100
14e1b1cbe48e,10.081183845442865,20
2518b79659d3,72.91928755876143,47
38eb26303455,17.90857657194647,20
240e9492135a,4.783170326627442,4
2df09f533449,11.356113187399842,21
0cf4ae54737a,995.02512442226,239
0e36d0799bb6,73.86366878762601,131
0fcd82396bae,520.7906163546322,50
349adb94cca3,134.2434452927555,57
14cf07809c0b,85.62678385958134,5
0f06698687cb,127.81514240609067,23
1b64b9cb05cd,1098.7764519269572,54
23efa1d2d12e,8.041920187082724,15
26dc5c83578e,140.2223384776371,50
19ed7a1055a5,7.541148205258651,12
1a05df42fb6e,2.280671734826683,4
2a3b722e10bd,706.9920088435429,476
2cb22386b254,98.8618189572444,70
29086be13f6b,136.4357234056854,30
2a51e5e71000,105.18497602256139,3
38628aa8da93,117.8747940691901,48
16f38a295b13,141.0354745925215,187
3fbcdb9fceab,159.31931533069292,27
01f32a6dbdf0,125.276178407119,35
2db5c2cac343,90.31409974184453,49
353c2c20e29b,1032.8167208397317,7
024f9804ff45,136.70889485579755,22
04a43ecf1361,5.908377336949343,15
385cb848fa79,138.671875,24
04f69e58eb2e,105.8657865899695,34
19b09aa9a1e8,500.62033395543403,49
3e33348a3ffc,777.5235147716776,7
36325e95ffbf,0.0,1
120521e1c00b,1292.2631912621218,440
075bcb675130,91.48169668797209,36
3af6479874a1,19.933263083948987,29
1dd6df387b71,577.9191773974098,5
1200dc0cb0f8,167.37598538240127,28
3a34b0cdd05a,116.40279132587966,41
2cdbf14e31a7,42.46201265343552,35
13447aa7c182,101.61005104435753,17
0bbf2acf8bc4,12.922486405799646,18
1288c50305d6,0.0,1
2c6c2bb2d4d8,941.3017347453181,13
24242be29ade,151.7375020207619,38
1b2dd5e432fe,112.00772873158348,6
25f87454e41e,3.2544442760336096,3
396f0364c218,92.56901943342018,38
051d2433cef9,524.6210461205719,19
338be419fad9,118.73315697085127,37
22d0666b59ad,121.16219415942942,61
1c87c35b5862,2.854191584214277,3
1e5ce433d6f3,75.90017516922126,41
1b9b6d64231c,116.38234959436159,29
19054e56b49d,33.36636934258422,17
31e53083880e,31.142288040184212,32
2ad08b5d24f5,13.623087294297875,32
37d842f8c2bf,88.29223323346378,29
351955c70396,118.19520221702624,28
3b37d33fe7b0,245.8502106396054,12
0f9e7b276981,9.320259183523376,30
288143b7d437,107.78724399787825,37
1669fcd1feff,1306.9662704602342,1822
3c1841a62def,113.7157461309107,44
20c4bd37768f,759.1921473978082,47
117dd8f94b9b,137.5220189160209,61
30a440a20d43,262.9825055168958,143
0511ab8cb3cd,21.968485356963356,28
23e881034cf9,131.9260817307686,27
02bc5fe00550,1427.7571126386647,480
3cd3be146d2e,72.74659529245037,29
051c72544924,90.86570663094608,31
05d56139b8c9,28.915438900582103,29
2520c94bda96,94.09350508072748,25
2d4f7e59a287,352.8750170860203,16
2aae80d3f1a0,938.4963540084727,35
0b93d5004277,17.506673785371163,35
282da078216f,973.2304189519155,21
3c7fdc05e891,101.73680236150176,108
1b23b1a7eb92,110.763618861125,75
2c1fb65835ab,99.32505027686602,29
3334aa951dc8,769.405569464725,96
3a71d0978702,22.466826659179787,28
1bf7dd4d6e0c,399.0244105026959,5
13e158bbe339,83.80202896169794,55
3a5627ddf59b,84.89041912203174,32
14c12144770c,226.34171538280134,41
06e65745f9d6,107.008707986628,22
226178d20a12,9.114019395539799,14
076f9cf462cd,108.50227193289174,88
1e92e1834ac1,5.0968544517454575,13
1220c45f9e22,947.8275268936522,193
06ddf9c096c6,751.8301988887165,10
0792ff486729,211.57740413722786,19
1d3a4ec7beae,158.6568080768484,65
23ba42d5a739,99.54744525547449,19
1d970cf93a46,36.73137774737006,19
0b8bab0be561,51.33659921369326,20
3210eed9b2df,82.83508416655968,22
3fb7eacb0798,122.96946586745617,46
204fb3624d00,305.62670676948983,316
345b0e78a6c9,30.461846779828193,81
11783897a769,127.99086285799422,32
1ba086602459,79.25149953535583,139
3108d112f60c,20.873456316217926,14
0aee1c3a65b4,1361.858913043914,206
1f3b125bd82c,90.53133514986257,33
0b5a9c3ada7a,114.74839048745253,85
3341b9c4e768,702.3334475108986,22
0c1c2652b957,130.41367074423397,173
3d922e65d77a,1279.6063593131767,906
20e8301aa18a,53.7259413052052,8
312364a04083,4.4647361517490936,13
0f93cab68ee8,16.273716517858702,27
2e3163a766f8,93.8265074807316,12
2acb764c1555,126.62173409466686,35
122092b5cc54,0.0,1
171d92343284,1023.6488784683388,90
21bdc458c96a,14.86746670183311,32
0a33f387e9ee,3.9825638993461325,4
2557b4058642,0.0,1
1bac5c412aff,121.35027767776955,23
22b15d863146,24.848400167666114,24
1d7f20fb3b2b,144.354339482481,20
0eeb282f2d86,128.88429403325426,18
360749a05162,178.1976922902686,19
253b3560433e,1278.6172646816303,523
19725cda6b0f,1184.4850315375134,499
2c34946143e6,0.0,1
27dcc55c8514,186.27467997396388,246
10cb0d196b07,114.94703190622386,32
34908ab46dac,171.6613249935017,168
2b1e79bcb0bf,40.13496714615394,27
24ab8cdaacb0,10.796953931991254,17
358483c98b35,118.2964728849272,32
2351136b85d2,627.5266446159512,7
389840e542c9,15.870592725244933,26
06361ab6e487,107.29948178698942,25
2b25cc5f19ae,0.0,1
024d92c5de4b,1276.936147712382,901
11257355b272,168.33548901240647,38
25d7dd6d21ae,8.840486867396976,5
35c872f0af2c,19.277245457906247,24
37ba18ce66d9,314.59585164020973,45
269215097898,0.0,1
187656437726,173.15922890997535,20
0075420898fd,9.995089043397456,18
1a50b528be82,94.3579712939736,46
275cc92bdc03,35.386398074694625,51
025e160d31d8,83.38924801571102,47
28eb8b00804e,109.81980157926682,25
13c46845c7fc,7.206535981296838,17
0ec7beb76dac,51.694042063154484,19
397fbf5397e8,769.2109279678771,160
008cc6bee13f,19.278839984606748,28
011f9402bb4a,519.5207749225241,454
21205700f4d3,144.68942526795945,15
362fabe5d0e2,2.4324324324315967,10
19f4a999e62d,104.60127921398816,56
25f2f22407df,67.76884574548785,50
08abbeb2fb44,1245.1971509309624,143
24e52059d7fa,1255.8738222528737,292
344dae1fafa6,7.269467657519499,17
1cba0eee64ef,747.1924060166566,43
33d9afdc8a02,147.21250291579145,23
237c9d628534,8.868933508219925,23
08b58ed9b5ef,97.75557505386678,17
10341378ea2e,144.84204008812912,36
117603ce5b32,11.63120157279991,13
15c19ba5d9ad,80.49885304451163,14
0300c0454b79,1163.5770841438716,100
38ed729e5528,103.8340572113193,3
2b6c939d7aa4,8.719141592253436,21
183f89b6a12f,854.6926524525983,877
1f9ccc738c44,84.10194174757277,102
3db42e36f7de,206.63257504978174,22
3f690267cd59,221.47390316769452,25
28855f0e402f,40.57377049180286,10
2ebd6a42cec8,95.87628865979423,26
03fb0865ae33,84.9605081019472,20
2b63b414172a,351.59804904359044,196
1af1953eefa7,100.71987975634875,40
0696645a6aac,0.0,1
20adeb4b8f0c,58.26456213444908,6
3281f698d7f3,1.9965632926932813,2
249bb9c6f371,1.9305019305011228,2
33693dc8aed0,6.569564047360473,8
10c441c62f0d,85.1427484726737,32
0602d3cfb00d,0.0,1
28673aa4ccb6,1206.1152953436613,849
3dc5bfa0ebdb,78.0723438603527,13
3ec404aa3d94,159.1651920474651,51
3ba75144b504,80.98686131386876,30
0276d3e1a6c3,90.517725247415,36
2ba5eeabe1f0,90.61816114821522,24
162ad94818f4,1111.8240863346327,904
25862217681d,93.78360664868342,52
07db9b95842a,1217.190053445427,162
1bd75554d68b,1124.4399238042643,38
1174ef9aa51f,111.85313361812405,28
0ca4f67b87ec,38.80905186653399,77
1cec5d73acea,5.225795882706734,15
2849eb44a3ea,109.85235058530452,21
371e234e61d0,176.38308977035194,43
2994265e2b3c,145.52328830440274,63
2351a2cd51f6,108.22100954979396,20
2321ef4a1d15,14.857142857141298,24
3aa370d7c825,142.42794095325735,70
31b9fd8ba3cc,94.95492213823854,53
134220287d73,11.612801843803027,19
11a85d8dff06,132.63193153251632,34
0133ee5ed386,107.87958700507784,40
0240b1b3d659,6.972482962584763,17
0e3ae4adb438,90.8648648648632,24
1826b4d75e12,113.93492273906122,32
07e423fbb2b0,7.045351129985647,19
3e85a37ab1af,11.349881589332654,25
3e73311229c9,3.2471210118965246,3
22d477936d4b,0.0,1
38aa94947c09,116.09669662067972,40
015f482008d2,988.5804348676538,35
35d7cf2c6fc7,106.19342034339752,60
24a9bdf199d8,1233.7219725730065,388
3594d2a17410,20.979361898056595,37
185cdfc54e10,4.379762476830365,7
3140df932387,101.30487383339096,82
36c6dd0afea0,16.99575567447755,35
0f6db4585a99,382.88545496676124,7
03f81a777a24,93.8256227341385,61
0ded545e0eb6,1047.7767294510813,205
201d2ebcdc39,119.94031946638643,37
1672333f15ba,14.105204043429694,18
308b7c7e6fd7,171.0550012606691,19
34f9d20102aa,99.1316551179716,25
03f045d9bce9,0.0,1
33e16d734c72,0.0,1
281c8e3dce6c,92.7653007882218,114
3623c2fa1776,1255.290467871895,2305
1578bc0cf314,11.579121242153633,23
2f3fc2317694,174.29730810560795,220
324a0b27af27,53.074321394502476,29
3d6294279df0,150.61224817171387,32
1378b44c4fb4,78.76415404584804,39
063dbbe4dfd0,753.4925458144353,5
1aae15c73f61,11.216301733958971,24
15738e3903d3,0.29944514575981884,2
075d914d0025,1218.0791853469527,970
30a8a2e2866a,112.07600781388464,19
15fb5c3dc83e,829.5844629611674,54
2a8483a799bd,1320.6087558072759,27
326634e96f3b,90.30150358183164,21
1daf7948d46e,44.87914345968784,18
3435d34a497f,401.3346887191983,11
243fb19152d6,434.26876057144,14
0de9f12d197d,21.05949895615413,11
1bb4e8b4e761,1141.3588814409413,65
013c5cc52a4f,105.6193674483693,42
1bac8b5bc9b9,92.48018397472174,99
118739658108,0.0,1
303973776f1f,15.319931677835484,30
260fdc2955af,1302.7087665916079,258
29978cd42f99,8.820333849143026,12
12aea8775239,146.7402567594977,46
1aa521efce49,134.49315421061146,81
0a981eb406c4,10.17018158130486,23
1e4e3deab7cf,124.02144315861005,29
2c5490caefbd,83.68937329699838,12
3af2790d8b45,15.564867869666159,13
25ea9a6291f7,87.51968199065595,17
361f4fe75edc,10.460239107484085,29
3accb49bb442,151.5946010152984,56
0d08612ba5cb,9.74302246426123,26
0ea82e497efe,94.417908319665,50
2bda88163c3a,2.9796176877025573,7
24d18ae6ccd9,31.892877380571008,51
04b177c9169b,8.296244784422015,16
0a00dae5e266,128.02056555269883,17
09acb90bdc5d,93.83878427485797,12
13df42f52831,1038.0797726580786,6
02b83c35d8d2,737.7234885346297,646
2faada1c9fd9,5.141797608579509,11
19fb41aef23a,801.7195956610449,25
18c46c3d5204,0.0,1
0ce0787e99fa,100.75171161101025,111
16266d4d31e9,248.81623232606762,41
34df762f71c8,115.4273099063239,96
2ecf45abcdfb,41.033252461823395,13
3da45f1ae80b,3.229270336807531,3
377360d6484f,377.13948047957456,19
3d413f457bd8,146.3677988109048,26
19873b71a55d,575.237406633481,58
28c09f445d0e,15.732382613972732,14
3e890417ab48,113.02862060886764,25
14d9ec7ed4c0,7.6117631544257165,12
2ec32ab6f99f,93.54590629436802,31
0b6d9007d344,104.43235261949121,79
24bd23a40942,12.342714436654205,21
2f8b89d3b747,290.07732558702264,79
3b9e6f059749,150.1061014906627,15
3ad7b3d5d157,110.4312865497086,38
1023e2d40813,123.53876088569439,69
1ea52952f1e2,114.2848266434703,45
095c40a76992,422.24166160816094,75
1933e2a49cd0,9.244718362024287,16
34f7080e3048,4.84675694939142,2
1b9dbd873f6a,87.17458488292687,30
0aac1a51fb9b,10.395969678422261,13
2b1474df0eb3,201.7155856170757,12
3482a6a9e79f,68.61400014752508,22
3d292a88cecf,135.05086427921606,21
32760dab2d8c,245.168368515755,126
39dc2989634b,11.322625967657586,12
35fba56054a6,41.8610294018672,12
36c4780095c2,1254.7919202097692,67
1d999aa4bbd8,722.2481099140714,24
1a411e7cf2d1,997.7186870987462,100
25d9c3ca8891,0.0,1
2bd0fab54cc5,73.88647019424388,69
02a5bd82f1ad,11.176587432961242,6
1dd60eca3b15,0.0,1
3ad3af11b1a2,120.61337355454816,114
3a64be37fea4,15.65014216153213,21
2c0141146f83,6.458797327394677,5
229e74389e87,144.31377383610015,146
38da90610156,990.2400854709704,25
29911dfda1e7,3.200502039537241,10
17877156c342,169.27266633148975,27
1dc5dd2e90bf,118.79824691759131,255
1b14bf1e6748,1171.838924678039,900
227eacccbfd1,180.66751123024187,9
37762e0da151,99.20509278944155,237
1a522f450c28,213.7364740967605,223
04f8296ac1dd,605.0898416732998,10
27d0bbd52e5d,94.28717237282763,76
309d7916e016,11.82169075910133,7
32b5a762a850,12.381137673582998,9
1f0bc262afff,143.7043903779595,10
1e53085fb781,11.158210344026884,22
11bd4a307506,1268.444795797236,1824
2b78a88dbd83,11.537857367264223,18
3ab550622d14,342.86276064273625,25
001314068da5,15.446408804831663,33
0ea1891c29e7,99.69075063255696,37
0bf3a983db21,297.33078449805544,5
0212ff9745a8,113.74790853318427,82
2d6e72dc890b,133.04644981647652,175
35026c9ab370,129.4458303635074,23
2a9baf2a8325,211.61234809810048,11
3044eadaa066,25.44982434702615,4
29989a7040a4,4.634877384196443,8
3b3bbbcbd8e7,445.62876648820566,10
166a37048025,2.832054426074137,3
1b962f52baa8,84.02974775741677,29
02bcb0adfe33,6.413409267408753,5
04886057b5af,11.905659830001241,13
265b8c01c1f8,7.314492972645894,14
28e911f593bf,258.4454010018635,3
0ffb7a7de556,121.77223599152057,30
220bd311b5b8,105.6594948550046,243
0b797b5bb934,0.0,1
172c62580348,0.0,1
261e8dabeb76,100.15167602002111,23
2924cf7637cd,1078.8660679047243,30
159c524180fb,6.6313874648585625,9
055651adaf6a,90.78483715963716,28
03a4d26ee5e8,2.5059961955175822,7
12d0c1fd173f,117.082562819538,38
33873926b90a,22.227317392727855,35
1f3e0582a481,9.69535008017101,16
097d1f20b003,71.97902837598849,30
37e30f52039d,11.712990771582554,33
3688a87baadc,29.85546908406741,25
01fc14851bb3,99.01745610453327,123
247b60ae9bad,1165.8582853444095,214
068629586b4a,28.141317631376296,5
13b2487532ce,5.842929960352194,12
289b784824fb,6.021363576421209,2
0b3051ff643d,113.2042898247455,77
30ec4ead409b,410.5403511141617,16
339130e9d85a,108.48174832129371,18
0ba72a302a17,14.577171485482722,20
27b7eea4d4d9,129.87220447284335,41
13eb0902e2b9,165.70863662335614,27
2f04df998df1,86.89141641436845,152
04e2f2de56a2,0.0,1
03cc9d80dcc2,29.32647333956993,15
1a51445e6ef0,13.452361362514466,23
0f518562b6f4,94.03515162553458,29
136d424a22d9,24.810668298507153,25
2f3065475d3a,0.0,1
06d6821f6e43,6.243293612695197,5
0e1c3f8838cb,641.7559221083593,29
3ee540aef80b,10.58989775844384,22
2243cf7b121b,224.42780069692162,19
084e00f2fd3f,861.8848071626271,101
084bbb60d702,26.972383803014964,8
215cb038296a,10.583521030850534,15
071241670cc9,5.617440032805462,2
011b8f82c5dd,16.513761467891527,27
39fd162e449c,130.077552259796,32
3bc7718cc3dc,157.30792325967923,80
192f9cfb7b35,0.0,1
207e20b66381,848.9860850491823,560
1721e0c84f0b,225.10716300074273,61
38af840920d4,214.54786013296325,236
24cb032fd8ea,14.596341935126475,18
2aabb634506f,72.10399103932286,41
08ff8b5a89d7,15.001294330830959,24
3484baaaa41d,119.57525201299723,17
23448e73e1a8,20.6199893105304,45
36bc1b456ea1,1191.8012423359487,126
3d5d5872d7ec,547.7119518283398,8
32ba9eb07d1a,7.792824899024708,5
314d4f94932b,610.2799956111849,14
217265e35be2,124.36029290768465,10
0ac75c3f38da,10.84928074391064,15
2525807c2b4e,105.39093098376361,248
13cca09453eb,1244.3771975422233,1516
338bc37ca498,22.667383705296743,26
217ba9a59947,134.8566590056853,49
3fd0bef1ce4d,6.424581005586333,19
3cf113ae1d22,119.52118427502137,194
09f4da7a64a6,11.73368099795698,21
1d9b09d42df6,4.620338475360768,4
0789e6760d4f,0.0,1
29aa611d2c61,12.737308182202469,17
07eb2652f477,876.8771051022122,60
13503b092a8f,130.93700969675047,27
296d27d1dc20,204.78981166868107,12
164ff623c481,743.5024934767098,21
1dca8b5cac6c,634.2366124623932,6
15c3372dce7b,1030.1148308739794,67
28edfffd366b,277.47347398988495,28
147d92443fcd,124.01544401544561,140
099f43e90850,1192.4865406082226,1309
366da98679cc,2.3595408148512433,4
1ad16aa99a77,76.44728653867787,32
02cb445176b9,242.93269026134294,521
13d52ca94267,183.42271354469267,66
1f008198061b,1122.8885215204755,150
10979a4f7eb4,261.1499521336809,22
0b25d94cc352,5.16808042726916,8
3052c6835040,917.3024245845809,25
380edea58886,7.5563761044431885,20
032faa87f2c5,87.42711987419807,17
1b9f76173b30,26.944429616185516,5
36dcb3829528,3.2663682731326844,2
13ac95d4c848,182.07832436020362,121
3fac84ad1e0b,22.907036466356658,46
2da01f1b3e17,11.491097131891365,17
2714abd474ed,155.5996011576135,216
245f3613508e,95.11628507266141,30
12794f7afe83,87.56665101178987,37
0a35565ef1c1,106.86728601996947,25
38bb80b7eee6,106.14394382679984,14
29425244857d,143.51099267155223,277
2c3c996df332,105.82003575448834,22
2f0b9dce0454,535.8648334883537,24
3bef982c6a13,419.4888105185273,99
147a8620b117,17.127955493742775,10
21ed2bd142ea,121.40599455040501,12
3fc30ea994ba,0.6138143505559128,2
179c9cc602d4,1045.8617735503485,74
0c8d6bf9fafd,864.8579010844514,27
192a749449fe,76.57777041576992,62
199245e61b0d,55.50556825724561,17
06dd3fdf76e0,12.168455152864226,29
1a803a07f1ba,139.3735369432361,118
26695af015ca,9.234306623482553,23
3776d74f559d,0.0,1
2fa5728f4261,126.77385529535127,116
0964fadba086,3.2183908045990393,11
0a36de3eca15,189.4463847810075,17
37da992a53d7,148.56082107293696,30
05d91e3dfeb8,99.59697100174986,28
1dd932ccebc3,153.69188696445053,146
24c827e687e9,1363.7785182760417,713
2948ab6027e1,20.53280859759434,26
251fd5a090a4,11.142751021418462,3
0e236607605b,127.78174765210315,50
1a8489b5ccf1,103.31718937070946,56
04b5969a7dd3,66.91527187581278,59
3385bc4945f4,10.830097596809537,18
32dd0bbce121,4.9888332226701095,2
2936e852da14,130.92986534332886,14
34d21d53251a,99.91595853954641,101
0563036695f7,3.188210081323632,12
1de3bbe66f8c,12.977209149251223,25
2c8f60c9ebd7,112.62558341903332,97
0ead1ddab34a,67.96876156372946,94
2e4cad76857b,49.836222962672764,31
2195d5347911,15.171457068687232,28
146eb352e30f,247.53366503931102,13
05c268067b26,0.0,1
0b25e929cb38,0.0,1
3d70bd2295e4,86.55563651504053,20
0523baa25bef,111.7287993502905,77
0ab1739b3481,114.80007237199607,14
20d65af4395b,1294.2211560846401,79
0fb339a9ee51,939.155242403609,59
17ed7b33a5a0,9.125812167750155,28
08b1e2fb2cd7,1263.3705417197834,173
28a67ee7d958,1083.323423042988,46
00fe0d16ede5,120.14176018901344,21
0bd51c4509ed,1115.8070499625246,135
274acb8e59b7,152.11951708612378,78
1f9dd1939ffb,55.538720074933735,6
11dd85a0841b,106.23589416715004,17
1688894a40be,1191.7484979072287,163
3e8c49a8dd78,802.6730697784515,29
3e6e53a236f5,5.607559427136948,6
09148ccd4d4a,103.69012378901971,47
2076e6a23086,48.60544134542397,18
0aba6447ffd0,5.828779599272821,10
077f2fc1ce09,140.75068616081262,137
396fd24054df,142.26396194558401,74
36c4876215b4,268.19153470144374,88
145ad0e36059,98.81866509155225,32
1b3b0c31b892,110.92555965117208,19
25977cf015c9,6.392370572204527,3
0b2ce1a0b46f,166.73065564087483,45
16cbda8d4325,46.456588219652986,20
1964aa455b39,8.212739969731047,13
1c35881aece5,14.576023391815397,30
32bb6db830f7,87.51452197088656,27
20ed40bd0eee,21.789154697085905,12
170b5176430f,511.1889279973857,6
015217342d0f,163.6286602014843,45
22cbd29b74af,28.30241973448574,2
11652d0ef441,24.7670377272957,2
151715407c60,11.727443930831214,31
23b111d174f3,11.86861792169475,10
0d813109bb1b,96.92550256208142,135
23fcae596dd1,8.647660818711302,14
334a11a38a75,121.41122103044654,31
30f83de43a29,11.372280541610053,23
2f66743f80ad,1123.5595594800607,121
3b383b6fda81,168.75960388934254,44
3690c3bac8e8,81.06229564991372,19
088454abfe63,100.9119778519671,23
0efe423fcc17,382.5253656359364,24
1a739f85cf7d,38.49242602811319,23
16ff8900fc5c,1239.528394746878,66
223d2de297b4,0.0,1
3905d3f7ce51,5.706046836770838,6
07ff23f95c37,139.7795982055777,18
0d9ec48e024d,99.55401387512393,40
00e7643ed191,823.0398568241071,49
3c3edb816c6c,8.68479831822333,2
3dff7eba90b9,11.464793034978356,27
32a0ed4a6e51,77.30974579514623,63
331612dc5cdd,89.32482253893068,7
2d185669932f,0.0,1
0a6d43b47fca,154.81428825306648,4
33652315ac05,121.02937566483979,60
1342cb97cb66,1007.583492349665,33
276c078a56d4,28.986953732091933,11
079ee74a93c0,5.715272611329965,14
3ac9c5521c82,94.78856954080038,33
28438ac69695,52.511160714286234,2
0790add08211,49.466442771245966,2
3f2b597cce51,1.1782996481470036,5
30bcb195ecac,153.16766108661977,81
1023756d2629,0.0,1
30363003e621,87.13751169316856,25
0f7709ecb47c,487.72909091002657,26
21cad843998d,102.81072791133374,24
2a972b810071,106.81848762109803,18
21918d58148e,9.817284159002156,19
3426a93f8d23,808.2371730085633,319
02d2ffcc03d1,543.1444144044399,14
30e9135407da,103.32553910106435,66
1f8339d383fc,12.460185044743412,10
3b2902cecd55,297.2282205434749,36
0e4b6baf1421,9.340014926963704,9
0e81709213ac,195.55591291118253,21
3892959a623b,129.93287600501571,34
38dee8b96e10,91.79168515583433,17
1d1adb08978f,14.678871458251706,26
1fd89f04d7b8,0.8395851461646089,2
10d2da239795,148.21605248850165,18
2e90dffe8b36,6.90429833757662,13
2e6cace61a5a,73.85125936010809,42
04965886f2f6,84.42124042396904,22
1dd17e694c87,65.00157084511375,55
24e5542ff84a,162.41379820170368,63
2edd6b6cb8c2,142.63343600466578,26
27560260d5dd,116.40253272795962,20
095c78ea49a7,168.05537348260623,17
3781768a9a60,606.158226385025,256
2e32bc3c62e4,19.926223142635255,40
0305ec8b12f4,122.95146137787015,326
097a89aad4f7,93.47793113908847,22
1b3106c3da4e,133.00088596380374,64
29170fab10e4,112.69554423175941,46
21937ebeb8e6,147.53705276836627,35
1c0c310d7b7d,1118.7862508961844,68
088ab8b26c67,136.6781347594915,7
0e873abb2422,90.51677078910507,56
0de75f9f816d,313.568340538739,26
35c4e7361eae,82.9563750670859,150
0117edd145ef,118.95427542381731,58
312e867044c9,89.20338073023959,25
11fdc3c1f445,1115.4186117370264,107
13d580fd80c0,391.7502676855802,54
27c7e12a0585,2.4974083498254913,4
277dea15601c,1221.1576483890203,1912
3f33614bc8ae,82.84764326227196,86
33902c6ee636,22.795855299034884,36
0cf9be7ece1f,95.78724990679984,52
11f11e752a7a,1021.1437733832181,18
2c3b5d4f9bdf,581.8381788248871,20
1b7c511d653a,144.8355963961112,61
1aad960c67bb,113.01172825846879,45
118e204808a7,369.7136563876629,12
20e10f1ecb1e,100.51169015193227,216
31dca29212de,1139.8360142903148,45
2baf4ac593b8,1.5992474129825496,4
132120709d59,96.143169807292,31
392f02dcc5e8,367.61714641552317,17
14367c058168,103.87479670157154,81
12c139c0d320,80.64525864670759,31
1e6c8eaecb84,2.1047708138430608,2
000816bcb3e3,319.04916135676103,23
386bd64a4fa9,1074.571990432041,32
33bbfd9a5765,1191.062954436762,532
27f06f1a026f,80.97896019507607,60
2900cf6ce451,113.0982571352506,281
2226c2ff554e,137.4109292541143,61
236e240952d6,91.35618882820563,22
37d10d74bc13,123.76990608411506,33
020a1571589d,131.17254720213168,34
20351880fb7c,735.9851812290108,8
1227fa584f07,324.11592827431014,6
1e2d7aa206eb,3.9608754600048997,8
1776ceac7293,634.4087327842426,7
339a4daca492,288.98803080730113,69
165a681200d5,2.163020896980015,6
0427de0359cf,4.400830193237198,3
17cc2529fba6,158.24069039736423,35
21eac18c5d81,110.04740138818306,153
1b8088faa64f,12.06742121977004,5
364eacdd4d81,3.5947712418274023,10
054174b87ea2,90.22754340876054,24
069f0054f5b2,224.19520430497505,42
1377d847bdd7,138.53338126843119,19
3c6dd6969e7e,88.1513008855618,30
11e4ba94c8c8,145.92648811503784,95
35fa0a58c2c5,133.17051995064503,256
17265c4b8bfc,13.672836204132182,21
2a144ad0f05f,12.081013857638027,31
3f2fdadb8682,30.671037946427532,39
3fe0d05c2f1c,116.78361065277932,37
26146547e169,33.05749872035085,19
15adc0f6c71f,97.50900411828115,278
26a569a61866,115.83730389308539,16
11d68b799bb0,140.26438492718626,116
1bf75930356c,815.6991693341406,16
3824a62d6707,125.6673976129241,56
0818049b35e5,174.45805843543712,40
100d61c0b4a2,53.75847019639332,30
2e48e1ed3fd9,806.2486007860352,21
3cff84dafcfe,8.993799630152353,18
0c16a0f1cb09,142.2629014343288,113
3d2ad01bd2b9,705.6503007061401,15
002b66f66d86,98.43854861080399,16
1002a01f366c,218.63904729280694,58
3c0c02cfe809,198.31779897149318,334
26e365cab1fb,1192.6476351926685,51
03976e5536dc,11.038470304824841,15
2a3939d4277d,68.85442801473437,25
30fc9a6e07f2,117.81761586349967,88
20a2fdfc5475,130.42803040623403,36
280d2d0331ba,82.09738973704913,8
324d4cedef6c,568.1402090941356,10
1dde9d706651,99.31137299446345,15
06370fdb710d,11.58490155553227,20
112624b94df1,108.8925043579311,16
0f1a5a04e4ee,1268.281491923597,56
01c1908257a0,181.72636651167704,193
24b0ef841cfb,1.6187050359712885,5
08ac86ecb860,0.9416966917797254,3
1d960a947296,162.21387507748295,36
28bd772ee273,171.30650363970744,2
3f0c2a268024,119.6095293434048,23
33de14f48a53,9.158945117604162,20
2b2ecb64ee9a,8.370548071598023,5
1aec9d69da58,116.81081081080993,37
1dc9821cda7d,27.119570166651556,26
0c8dbaf5b77e,8.596124871139182,19
041bab67c321,16.68637498357657,23
0a76ad227104,146.51064593534102,159
2865f5e8f684,133.72354795137653,74
0ad336437e43,230.8108350018756,25
1c0b40522228,87.02099190594163,96
22f2af32d6fd,6.690072166959908,21
2ca0dfdc3358,1056.92094180801,114
01d988c66c8a,192.15986889059423,3
1e2eef17bc3a,1141.170016841449,77
145e9ec86d42,91.89443090743953,43
323aab1ac33d,1180.3354250450611,425
1ca84dd7a693,89.94003997335676,28
2e65d2ef9a8d,1269.5715733060315,575
1826e1f3d031,135.31671553402742,43
39a6e38ab1c1,88.49617800650958,28
1d73ace6965f,14.057856907016685,26
33c2863bbb7c,293.35435405781936,40
211ef7157c40,13.462202278216864,23
1c89c511a3dd,692.048964949081,65
3ecb09d1c0cf,32.64938573358086,36
294894604d18,199.7268377581604,52
379a13332a43,254.70092807436595,284
3475e5d7f29d,115.42404154991891,120
0794311132b7,2.1084106417238218,7
00047f573bae,143.56670873858457,23
3be14fc5cd2d,895.8248175151966,110
226a1e8c50e5,162.85194914859312,327
208b3ed3c543,99.07117691985513,31
019533c5b013,552.7579919804703,38
33201f8a7ea6,66.29805160610886,51
2e9a518fc543,16.19359731325494,14
3c27bf6791e9,146.52050063787829,30
2616af3fc149,156.75707799462543,412
377c9a213c60,111.13433737974105,34
05764c8be10c,0.0,1
127dd1ac5eed,111.85593837826673,25
0a25cd05dd12,0.29795404886317556,2
266bed95ddbe,635.2962948207969,19
097d1f85f534,0.0,1
05414ab74ed7,9.722254885820803,16
111da59e43e7,18.674386450052225,18
168173e943b7,14.161824646605965,21
2d6cba9be323,126.513671875,79
246f3422a2f4,151.0938924339098,302
0e29a2d600c8,73.67425312023443,33
1add5f29f930,1169.9212192933046,99
1288c20bf6de,114.51513701906879,33
2e0801aee5f8,17.75719353567274,14
071f43e606f9,910.3588192108546,418
32b60797da63,127.84509384651756,65
06d4425648f6,5.479387067698553,10
0ba9deb81c13,95.06578947368325,117
01997fa34896,0.0,1
008f222838d2,6.604317857465503,4
2e9ceefa6451,111.64873149889718,105
343912010696,68.23357664233481,45
271e47ce332c,138.03784238343724,36
2754ba9adc7b,17.419590643272386,27
3e5576ea0213,552.7564997237532,39
1f83586bd31e,12.823349217153009,24
1286b1626767,87.83652628913842,43
15ab2e44d43b,10.190753981569287,24
121573807d99,121.55559715462414,28
0d624daf569c,88.30790462316872,25
24bdae2b3f5f,117.91483748188875,11
1eabc9715781,112.75828319589368,129
369c1c92a7db,94.51885747974575,33
360630b1b339,49.86787204450593,6
0be19b50d64a,98.46839986946361,167
0718fad7b07d,73.98337746781544,7
21523018c53f,10.095211027426558,18
2a5ae08c17ff,104.61831559584789,54
24353d2ed426,198.71691293196864,21
2e6834e87f07,11.549719167786861,28
0c10cb469c09,146.3942429256931,24
203465c9f45d,908.9728602874129,15
2e49d83932dd,123.73720886897718,45
2466c7ab3644,99.02847005153308,20
31b666213e53,101.32112354432866,24
1e6d913e3858,679.9645582977937,8
12a9cab35483,331.0782489366193,3
2f3e20dce569,23.177563823002856,21
0ce5e296272e,136.5444617784724,74
37a182ccad03,11.810242706409554,31
30e595da9aeb,72.68626740855325,7
2596e972d52e,3.4305576545259555,4
3adeda45c074,113.26733868533847,42
1ed5174622f9,107.38831178726468,61
3675ba9fa5da,113.6932029218774,30
2bf11731070e,45.44489114769203,23
1ccecd2dcd44,14.133763534944592,16
310432b54447,76.7926901940009,43
1f8c5ab1ddc0,23.4000990480381,24
21159bd259d6,84.44446325347599,28
221944337863,90.12555346636873,36
0c0d538b677a,1089.7358744012417,258
3f19ce6a1178,9.301798398065557,19
28d406492b10,13.878693116876093,28
3e84c0e7102a,67.28129651066774,43
353c7109407a,82.7772123941686,20
203e294a2b1e,0.0,1
05ffe9c3a925,115.93822393822484,32
3558ee7b0663,1024.7380580962927,1074
3790f42c3467,16.415651252555108,40
040d1a0fdc3e,87.68997768094368,45
36ae42b5f23e,142.44683992912087,38
213e6c32c9bd,126.57254834029663,32
0a9ba73ed8b2,27.80112851220838,17
3b6f4e6d347e,156.1474125818113,27
3561aa96567d,4.61406803432692,18
2ceac53f0684,388.9113196595172,5
3a7ff451a23f,553.0863367833481,18
138f2c7b3de4,194.0379590152661,44
17b33bd2d928,234.34685583770806,4
0480327ebadc,109.77953788719606,22
0f4d90ef365d,404.8697549935823,40
264308c1f007,30.472986888165906,32
16fcbfbe5f4e,7.904533971548517,19
39da40c49abe,117.31766332526786,61
2885b3a710b0,8.651399491094708,18
011d15f23002,36.647405557654565,32
26c6c97914d9,451.9553818733839,50
37f9b097d967,315.18861442105845,9
0ac3a79b30f1,86.33395892257613,58
31f9c2015af2,8.085786948424357,14
1d86b94dd3d8,117.27272727272737,19
2f75e88b46b6,177.8134835183032,34
25ee5b8180c3,1218.2345453721027,480
12a80ca536cd,43.86578119538535,41
1c17ab032bc3,132.95216953614727,33
3f028e9c4cd5,1087.5528982381757,733
3e21be8c26e6,128.15680203694137,36
2671ddb10cc5,166.71422450345108,41
0f64d0ce9be2,185.3045577168814,67
31f383549ccd,129.84400337639454,62
0112f75d1a36,114.25836742095998,102
15117d61885e,95.30990473863676,33
1686dd1dfe9f,7.766182518364076,15
0d5f82462a5e,1325.5625460002775,182
26dfb37d07d5,71.39906728847563,48
0eaca09d0ccf,6.099701597331659,11
1199c4a0782f,102.88934551609418,200
185c05d5ba4e,14.470303763034735,22
3aec659fbbe2,90.00230538555684,8
39e4f98688dc,140.7263634825831,47
189088f117dd,12.218089363908803,29
0cd0c111029d,96.05957713927091,29
229627ff5144,97.60780415061527,50
38f026ad62fb,779.9189036579505,6
0b8666eed0aa,145.1381020368044,17
263e920873cd,189.68713789107824,34
267d5daa7374,128.31885985470217,25
16956c623be0,666.8832814666566,36
2a55435d3511,70.8592440382854,15
0c822d6fca5d,315.8929796117827,401
0af3ad6a7170,81.58702046238068,26
32475e2c7695,11.397486235717224,21
037c4aea4b1e,0.0,1
2fe9a0a6ba71,114.7211944599112,17
0c8c29e71990,152.45660006550315,33
022fc43f1ce0,74.09451869068289,26
387e60f9436d,749.2061062215726,154
2f94124b4150,28.05812651064116,22
345a060454bc,182.77864141466125,15
0c8a71967de5,140.64790986354274,53
237bd50b0f67,62.06658660602261,19
2cfd1d69c9b6,571.3141650774287,7
201f77ca4ece,1182.9647748154866,1748
0f9fdf35ddb6,86.59193155837602,94
325d1633cc60,192.59711568883722,43
3a2f1ddf133b,169.8229902343919,42
093d424f2015,128.6291280589212,22
133a184b63f3,0.0,1
1fd2ac2ea12a,104.99961122774312,45
24d2109e8c07,718.2356514785024,77
157fe088c119,154.88727990784923,57
0b146f3e009a,97.00218739914635,58
020b54d82aca,121.91659495480053,240
2b4d42a349bc,209.34588416098632,40
32e590f90790,104.82577339638374,35
044240ff6d02,22.38768856716615,22
2bd044a5fc9d,786.8357654027941,82
3a6e0a6ad487,87.36691879549016,17
30ed5f62963d,129.91251672698945,7
36a641ac1abc,1183.4943027071931,217
05accc07264f,106.9528806637536,150
1ff3aa3045b0,3.3021006498411225,8
046b3e2d48ff,16.519154539240844,10
0698f2a6557f,109.66677325350247,66
2c251e152f33,75.53503668678695,15
29d36ec5ab81,562.3303351368086,75
1c85a30a984d,822.351966205224,27
35ae159ee1c9,629.9951115367094,26
34dd51bf03c7,4.819449922903004,11
1f0a27268a1b,6.04560866236352,13
276dae3bfde4,168.2288828337878,98
1333e4a4a064,9.842293263809552,14
2d997060117e,92.08951776878166,17
2cc00988bed8,730.1866115322264,51
09afab42aca4,101.54348614975152,47
07497a232972,18.73141724479683,3
2855aca4e304,10.18984654576525,16
16ec985df5b3,1126.5895825900789,131
3380b2440f94,102.53948164859867,200
09616633eab4,609.8694521475518,405
20ca782247f4,5.176997685983224,12
1239b2181e20,138.11518335613437,37
37fd10954212,117.36916953032778,116
15fb99beda46,10.265515862749453,4
3a0206667ee8,197.25112440114754,36
2e062cb184bd,904.3530406674581,43
3b46a76e7dd0,11.34807793575601,27
180767497e8a,123.15210751374434,11
1fa811430f56,169.466136589519,36
3fd1205834a4,94.37973229979525,24
0af0583a0916,120.34324520634436,38
346ca63ffb4e,12.420210374897579,15
092f308389e0,113.18539038270455,21
06be091f05a6,7.145566259578118,16
3be9667cd706,130.55422149649166,18
1dd708b5bc0a,12.304559190645705,26
0ee56a7282b8,1055.1600122739474,99
3227f388d07d,96.47754772788358,13
0b1149e32690,175.65364894246522,109
3a82e2788fb9,122.125590905649,129
36bd57cb35e1,107.59027831020649,94
2d983193003a,261.64557489972594,20
3a09ea2f5a7b,1291.4724859212893,988
04f927f6f7b3,112.53891764123546,241
20694fbc0025,1.9808322451881395,7
1097042e568e,107.59457598611243,8
019713f1a57f,111.17414567257276,36
262c48e4273f,192.89575761277956,23
0903f5d494e8,53.31994631583166,31
08ca3628b281,6.53634263373533,14
0c6c472c60c4,251.09329493537734,4
23cef35a05f9,0.0,1
1e06202f6973,107.88566413840817,35
38130215cf6e,287.18366654578494,17
2678d399011f,3.32970446881518,3
33496129b4d7,1037.357845782848,128
38a69768c23d,113.4837049371763,35
3225e2e1d66b,115.68712420779048,47
09c506b3db6a,113.48889053354196,135
1aaa3d2438cf,94.82339845440583,27
240f88946bed,2.2584076589473625,7
2ee01a6b0819,7.801049983596386,9
08f24bf081f4,1245.4843315383223,46
236ae9dd029d,112.459916749478,16
14b3b66f4031,17.98938243397629,38
0a788088135b,72.25887527489795,13
1a8e8c69261b,5.758142018152512,10
10cd11834b92,0.0,1
21cda2ea7d5c,9.433962264149159,2
2fbd3210c588,1162.2917112905889,492
33448142cea0,123.33042101239516,302
2c814b67b636,149.55936192298032,63
1401ae58377e,269.985465085163,75
0b0071d2b3bb,0.6498109640815528,3
3634566c11ff,4.638021110992668,7
2a66df12c6c7,81.90666738765685,65
0469907283c9,247.70903241525593,22
2404fccd7b94,84.05558532376381,7
2160da2ebe78,1261.6355450872288,561
102feb0e2362,2.877424763286399,5
31cc95384f81,689.5943002795448,91
3b84a6fc9128,1219.5543453698083,1144
1729978fcf4d,869.9225219051041,210
0f4797b41526,116.71923333535415,23
07350f05d35a,0.0,1
2f9e5ad9b9a2,57.001995199953626,43
1a6bfcb55752,187.3745720561128,28
0cbe663bfa95,457.9976424042907,12
0f0f14a9fc0c,861.6849985652061,14
3264d25cef77,9.873339670632049,17
134b788ce286,181.43116351299795,165
11cd3467eab5,94.61685620150911,51
317212de8471,5.185480654170533,7
2c10280d2d82,201.09068980886514,16
0c98bb70d654,1219.097864899619,171
1f2bd8c7ad0f,39.259404097187144,18
33282995253e,5.47240411599887,9
36312466eaa8,38.290611254360556,14
3b936fb80131,89.03243050605852,29
16b1abaeaf58,194.1268644892225,29
28e87963fe6a,1333.8468015557446,242
1a553483a5d1,755.9544344108253,4
1a099f526852,15.163519648381907,22
3f351caf7fa5,1310.501472351807,1044
3b209a99befb,17.37346456488376,11
1b0a30f93e82,132.79995272010274,101
2a3ba39438bb,408.41381823680786,144
2ad2245eb772,13.962512640811838,18
18cca80fe8f6,6.980454726764947,20
07f9992c63f1,0.0,1
3bb9eef76276,97.85083325744517,85
1dafe36b4339,29.983482341835042,29
3c04caba2c74,1018.8391100052177,41
25c7fca7f04d,8.29391209260939,7
3f5031919181,4.820274971012168,6
174ca558e53f,1.2468030690506566,2
30067eb74082,104.37690379570313,201
309c9c2b6468,54.07746764924377,33
173e63c4d180,251.95363685011762,11
11ee410f7c23,849.3989141009952,247
323b10fd0c8a,148.43404554268636,15
2f15f288d14e,40.47793793852543,8
245d97a5b8f6,14.113106649179826,9
34c5e270c10b,125.20097352311859,63
3cfa6542ac91,64.33486574988274,14
27526b87896b,3.8436899423431896,3
0493d480423e,123.87461773324321,121
0f71d13ea912,117.0981690065637,14
0397b3a2922c,17.76373436711947,21
159e0f7f2c0d,444.92220951875424,63
0f0e5887d621,0.0,1
05854f0136dd,101.35484446029113,44
13bdba720de1,871.4425047365803,6
2834e48e9dd8,102.47408105560862,16
3b0302a09986,47.55104293124532,4
2c6c91aa7a88,6.762435056200047,14
2d579f150077,141.3526759543056,37
25ac24e9e7d6,964.6398498207272,31
2f4805114838,478.0064084084297,159
15f58bad639e,135.95899872907103,51
34ead24e9e22,67.02552316438869,107
1960d86d4c5d,235.16777692048709,73
14cc06867f40,645.0934864963929,8
192462211115,201.04282284917645,9
38a96852557a,12.685301275905658,9
2ad94a3c103b,81.18231414379989,28
27a878b78ea7,94.14126980216315,26
32e1595853e1,154.33131158441756,40
28c9ad19d4ea,108.92673988744355,42
11bedb8b9791,474.71190781922996,8
097c5256ba6b,0.0,1
371a35d5cbdb,94.74703512174528,12
2bcb6735f9ff,33.704173391744916,12
32972c6e9e18,126.025390625,23
0a5c9f32f4d4,14.486286769930302,30
3d81b23e3e1e,146.6925275622707,138
050ca14b2f29,1190.1351139971339,10
18f9140d65fe,1.8022181146025105,6
2ba1d2342388,90.99013185172953,75
1f3bb4d246a0,9.24756867429096,20
07362e692846,167.96629510039747,167
0cd05b4982f4,190.72667988780813,13
26f81e693b0b,21.6144495805529,33
2003f9397cdf,193.3632637126684,58
2fd321f35c72,10.258761873566982,24
36478c1620e7,7.444949318420186,14
1a35a1322df1,1225.8578453855225,57
3fb35f936b3b,980.2999681092406,13
09752fd04355,2.0942614868872624,3
2d591f715039,0.0,1
1a8569f2b80e,14.470544676649752,26
3b993ae53e67,279.4022382881594,2
2d17ab9c5a9a,125.25917706411565,45
378866e8ad24,35.076333062910635,48
38c5ed45e3e1,1001.4153218737265,31
20a60fe41e58,155.6466131473535,21
2f393408b002,874.5099844363394,13
1d1bb921c1f5,422.20140730849744,33
01d8c69d90f8,5.216490096725465,5
0128a2300e1b,75.49794498893243,28
3f6383be4294,203.6242294695494,9
3338e3698783,93.21848008746929,28
04244b09617f,172.37120125039291,17
07166fa9093c,94.24022780222626,42
31eac5367c4a,1177.4296684118503,404
3b48304afefb,17.90768471285179,21
20007baac002,694.727516992245,12
24e749081c39,103.93786738373092,33
2935fb7ee6d5,0.0,1
037c7ee8a0b1,96.27704105555722,60
34f6662e0df3,856.8254630487427,411
0f2c0a9c0a14,0.0,1
322c5f15b427,137.3959392500401,132
0bb62675ced4,1028.0263399274481,9
333798c8ad55,1.8115587717584276,3
2a438c8a6e1b,1092.4911766669902,32
012587dda0cb,6.320525112470932,4
298d314e7281,24.217687074829882,15
13ef9f4d6de8,86.91692405163849,16
0e7b031d6051,111.12727465086573,46
03a66da46d51,150.57128829017165,150
2bcdd3743475,553.2928994543963,30
2d2db40aab48,102.62708027103508,66
10ff508d24ce,80.74375363160948,48
3917ddee70d3,137.3383107606569,17
37a6ce7248bd,0.0,1
3a439edd6100,1200.558003576367,915
39ceab5e1457,5.64628928747743,15
257eb39b3094,105.24907324135347,14
304ceb3b2e48,90.99146323199238,29
0612233698e5,133.35794447725948,53
0fc36d16701c,235.22962705275495,12
28dc489280ab,920.7894827930759,9
307374333d95,5.614538757379705,15
2a364cf0c43a,10.281539558089207,12
1175678d669b,12.177512288044454,24
3c17e4ac1451,152.17375525890566,13
2c79c0360724,142.61913730040033,35
16399b787145,89.99744107361221,26
171f01439b9e,148.34223993491923,153
29147bebf99f,248.91404195474752,11
171540ab8a9d,109.85305929929382,18
16cf7c13a72a,68.55870052730279,26
2c0b064e6930,5.840388090935448,8
260f5f98fc9e,37.76759813300396,31
3cea4d89f0c5,14.102920723227726,27
269530d8ab3b,182.07904522407807,47
35d0765da720,44.65733235076914,32
327f146b3247,6.192439259715684,14
0ce141d0e2f7,0.26956683398384484,2
2dd507ab569b,78.0492707017329,66
2a7a491e2ebc,88.66581908328953,33
1f4f8451edf3,219.52996295919365,140
0c423d85bc82,122.07254259265756,47
0edfc5eac1ee,120.09761766414886,50
176c9a179298,752.3510317709843,3
0a1a4edfdac0,25.341174696524163,33
03805396a73b,100.93031420045554,13
1cafa70e4a86,14.950436054384227,26
0d4bc985c158,111.89818364661005,40
036b6c7f0d0c,426.3551664735678,41
29dee10e63fb,603.8239840722781,16
072be8fd41b3,15.679310865951265,16
3260a3615adc,717.9590677241131,8
297036965f9f,1387.6629956854522,2326
3d911cbc1743,63.687370546133025,9
123578653585,88.14327688084813,39
02393b8b8895,117.66528390164967,24
0829c4138683,126.95686529701652,81
0d6dfd423053,159.46867833374108,24
1120c56acacf,14.478636263005683,23
1578d30eb37e,132.99088820629186,67
38ee3d04cb35,1293.6332453061514,279
1601af776721,6.877640924212756,20
3824d2728f13,133.3059786150443,62
17443430991f,91.88403318224482,35
3b291f057ac8,865.557423235743,18
11ebe937120d,149.27866660052905,172
08c1dd7f3870,159.52798907743363,15
0dec83df56ef,112.55674518201158,56
3aba3e2b6aa8,25.730639146648628,25
1c6d3c40c919,115.02149912841355,32
3d6c96733687,174.79603730218878,34
1bad1fd55b6d,5.933620634208637,14
14819d471efe,147.3519245403313,60
125ab3669b7f,159.59835769591155,16
21fd8c53cad3,142.91548853282984,124
18238e330f23,133.55012470173097,159
37c54231b2be,11.183668293917435,26
22d6973f8c8f,130.82888639038947,34
03fcc1c20055,177.995044283585,355
23c1a56b5505,1196.4777441351762,146
0079c39ba819,524.2321773065851,82
05e293558ddc,11.942336045432967,11
1117a1a73f10,92.97428629277147,22
02839789cc4c,106.6131067708775,31
073ac77ee180,106.19513003147267,28
214d2b32cd56,576.3591242118964,18
34f56744e42b,9.009701277496788,6
1333809f7daa,24.356856266225805,20
17ae00c84d0e,140.97992370060456,232
0e818dc7376c,10.862865947608952,28
1ee9bf9f6e88,925.9947283707734,745
0ca531d8b75a,117.75367814348647,72
08140f2fe9c7,9.551246172587526,18
0d1f256624a4,1181.8403306787422,96
286af35c1f1f,1134.8822029015655,115
16d50593dc20,120.71599434598465,24
10b2e0d4ea55,89.71718758767747,165
0cc4d277ecf8,717.7062457419088,246
1b49fe504d44,109.54428914068376,164
15d0d628dd0c,120.48398607296622,8
112ea3e176f4,127.23822547848249,65
3ff18be3fc1c,139.8754682364886,26
1ef974563a92,1192.5166724534301,89
2cda866c983f,1046.5669799444768,21
2c9190645016,11.499436302142385,13
0b54727c6e59,108.08956769350246,31
293ff9756c86,129.02531972142242,61
