1187,0.014786
1079.2,0.014474
1081.1,0.011902
1043.8,0.01377
1047.6,0.01223
1167.9,0.013802
1050.8,0.013222
1028.5,0.015486
1036.7,0.015654
1042,0.012845
1037.3,0.017842
NaN,NaN
1084.8,0.015067
1152.6,0.01454
1186.5,0.053316
1114.5,0.013136
1105.5,0.013024
1073.1,0.018222
1030.7,0.013567
1006.8,0.015559
NaN,NaN
1002.2,0.018672
884.95,0.016638
849.95,0.014832
919.22,0.015046
948.41,0.015013
845.24,0.012851
875.01,0.015806
856.06,0.015194
841.02,0.014226
832.13,0.014067
845.16,0.015449
833.05,0.014093
833.29,0.014815
NaN,NaN
983.93,0.017506
855.67,0.015164
823.36,0.013282
816.44,0.014175
844.81,0.01541
NaN,NaN
NaN,NaN
905.97,0.016186
929,0.014796
NaN,NaN
871.67,0.011969
830.9,0.013396
831.16,0.015783
829.18,0.014731
968.17,0.019344
957.87,0.015191
847.09,0.014313
945.8,0.014325
938.53,0.016811
859.85,0.014156
833.03,0.018294
871.76,0.014724
824.73,0.018224
NaN,NaN
957.48,0.013627
NaN,NaN
NaN,NaN
832.38,0.016497
829.38,0.01665
838.73,0.013518
NaN,NaN
850.74,0.013034
NaN,NaN
857.41,0.014063
869.8,0.014932
890,0.013911
939.15,0.013602
NaN,NaN
890.22,0.016914
901,0.013056
894.84,0.0128
902.03,0.016608
899.54,0.015525
896.7,0.015635
910.84,0.013252
911.05,0.014354
920.54,0.011842
917.7,0.013426
932.32,0.011918
933.32,0.012064
1009.9,0.015175
974.33,0.013673
940.37,0.016684
951.63,0.015662
950.55,0.014609
NaN,NaN
988.65,0.013879
1021.3,0.014909
NaN,NaN
1090.2,0.016512
1080.5,0.015771
976.52,0.014999
949.58,0.015764
952.64,0.017367
942.5,0.017687
966.4,0.015636
1020.2,0.016411
NaN,NaN
998.84,0.016121
989.21,0.01701
984.19,0.014046
1000.2,0.01581
NaN,NaN
984.14,0.012901
973,0.014604
NaN,NaN
997.56,0.016727
1003.3,0.012938
997.51,0.014434
986.94,0.014623
1017.3,0.013414
998.82,0.015418
995.17,0.015246
1007.8,0.013672
968.04,0.017249
976.3,0.014925
NaN,NaN
979.28,0.013154
980.47,0.014164
NaN,NaN
974.63,0.014793
1029.8,0.016881
NaN,NaN
989.2,0.014206
979.88,0.018806
975.42,0.0123
NaN,NaN
NaN,NaN
1009.3,0.018361
983.81,0.016237
982.16,0.012412
1089.1,0.017633
1110.1,0.012911
997.68,0.015794
966.71,0.014247
969.8,0.017732
953.53,0.014651
965.17,0.014362
958.12,0.017378
NaN,NaN
952.66,0.015396
949.68,0.013977
948.83,0.011427
966.83,0.014527
962.99,0.015015
987.17,0.015685
978.55,0.013529
980.13,0.013994
973.7,0.01554
1098.8,0.014453
1022.8,0.014105
1016,0.013597
998.82,0.016407
971.21,0.016567
NaN,NaN
962.83,0.015707
976.19,0.013126
974.13,0.016088
976.53,0.014477
990.67,0.012379
1094,0.014305
1115.8,0.016685
990.11,0.011894
990.31,0.016433
984.45,0.014392
998.6,0.013828
1066.5,0.01431
NaN,NaN
989.57,0.016517
1004.2,0.013511
999.45,0.018554
1013.2,0.016237
992.13,0.016014
985.53,0.012061
999.82,0.017137
NaN,NaN
1014.4,0.014714
1005.2,0.012794
1008,0.012793
993.06,0.016257
1015.8,0.014606
1011.1,0.013908
1012.4,0.01695
1046.9,0.013249
1021,0.012502
1020.1,0.014949
NaN,NaN
1013.8,0.015216
1027.7,0.013106
1029.9,0.015531
1050.4,0.012879
1103,0.016859
1025.2,0.023366
1023.2,0.016048
1028.8,0.016458
1020.3,0.014687
1030.4,0.014384
1033.3,0.017096
NaN,NaN
NaN,NaN
1049.6,0.011905
1037.2,0.013753
1048.9,0.011622
1046.5,0.013997
1073,0.016134
1038.3,0.01334
1124.1,0.013284
1169.2,0.016332
1146.7,0.014184
1141.9,0.018105
995.75,0.016305
977.85,0.012107
967.35,0.015016
1047.1,0.014296
1019.3,0.014675
985.62,0.015851
956.35,0.015784
861.15,0.012883
NaN,NaN
806.54,0.012257
725.79,0.01904
732.76,0.014124
NaN,NaN
594.82,0.013279
566.73,0.017517
516.62,0.015752
489.6,0.018485
444.93,0.015186
414.04,0.01605
369.02,0.014277
339.98,0.012563
299.7,0.017587
266.84,0.014759
226.87,0.014845
NaN,NaN
NaN,NaN
NaN,NaN
109.59,0.016543
73.613,0.01418
27.031,0.013889
13.224,0.014892
66.999,0.014958
26.163,0.01523
-95.446,0.015078
-102.47,0.013566
NaN,NaN
NaN,NaN
-261.26,0.015396
NaN,NaN
-152.99,0.015438
-161.19,0.014837
-182.19,0.012907
-212.27,0.018339
NaN,NaN
-385.23,0.013746
-398.16,0.01433
-356.38,0.013122
-393.21,0.016335
NaN,NaN
-390.74,0.014379
-393.59,0.014572
-407.66,0.015073
-433.34,0.016202
-433.46,0.015596
-323.98,0.016372
NaN,NaN
-412.08,0.01457
-410.66,0.013691
-404.02,0.01497
-318.38,0.013956
-402.46,0.014584
-437.47,0.017343
-439.02,0.011561
-458.44,0.013335
-446.4,0.01445
-480.34,0.013212
-475.58,0.014995
-376.97,0.014309
-507.41,0.013786
-486.4,0.01466
-557.93,0.016771
-548.22,0.014312
NaN,NaN
NaN,NaN
-488.5,0.014903
-518.56,0.013942
-545,0.014675
-595.1,0.014503
NaN,NaN
-639.01,0.015253
-648.87,0.013522
-682.49,0.014819
-707.58,0.014054
-737.62,0.013542
-738.68,0.014602
-771.09,0.013839
-875.81,0.013749
-908.33,0.013231
NaN,NaN
-876.61,0.017567
-875.32,0.015817
-880.78,0.016379
-859.65,0.016729
-871.71,0.013244
-878.89,0.016601
NaN,NaN
-886.39,0.015731
-853.09,0.01464
-873.74,0.016995
-851.89,0.013969
-848.23,0.016687
-876.86,0.014169
-870.1,0.015665
-887.49,0.013656
NaN,NaN
-872.01,0.013198
-879.03,0.01376
-866.42,0.014392
NaN,NaN
-857.16,0.016099
-893.11,0.017884
-907.86,0.016069
-893.1,0.016713
NaN,NaN
-938.41,0.018491
-911.53,0.015914
-826.49,0.016324
-945.67,0.01314
-935.23,0.014718
-977.84,0.014722
-985.42,0.014972
-985.08,0.018571
-983.88,0.015732
-975.25,0.01201
-1004.1,0.01529
-924.87,0.015405
-886.48,0.013306
NaN,NaN
-851.83,0.012924
-1008.4,0.013466
-1021.3,0.016314
-1015.2,0.014888
-1017.7,0.021127
NaN,NaN
NaN,NaN
-1017.9,0.017362
-1034.4,0.015622
-1033.1,0.014718
-1033.5,0.015007
NaN,NaN
-1068.3,0.015769
-1042.1,0.0166
-975.4,0.012665
-962.74,0.013572
-969.72,0.012644
NaN,NaN
-1019.5,0.014147
-1031.8,0.014553
-969.15,0.016774
-976.56,0.014604
-1091.1,0.012317
-1120.2,0.014142
-1194.6,0.014041
-1260.4,0.016586
NaN,NaN
-1260.8,0.016167
-1258,0.014991
-1257.1,0.01576
-1257.8,0.016504
-1272.6,0.0163
-1261.6,0.012684
-1217.3,0.013934
NaN,NaN
-1274.3,0.012909
-1273.5,0.015864
-1261.4,0.014153
-1245.6,0.017403
-1242.9,0.01586
-1259.5,0.017334
NaN,NaN
-1249.7,0.017012
-1260.9,0.012529
-1268.3,0.01337
-1260.7,0.016432
-1248.2,0.018234
-1269.4,0.015022
-1271.9,0.013837
-1247,0.013752
-1237.4,0.014713
-1207.9,0.013193
-1245.5,0.015017
-1233.4,0.015693
-1266.1,0.015619
-1271.2,0.013849
-1262,0.013158
-1287.9,0.013738
-1288.6,0.013971
-1288.2,0.01531
-1285.2,0.012431
-1211.9,0.015811
-1272.5,0.015221
-1286.7,0.015399
-1299.2,0.015903
-1284.6,0.013896
-1314.1,0.01577
-1313,0.014626
NaN,NaN
-1302.1,0.010211
NaN,NaN
-1258.3,0.015072
-1322.7,0.014183
-1319.6,0.011883
-1329.9,0.017058
-1322.4,0.015866
-1344.2,0.012783
-1343.3,0.016844
-1278.7,0.015646
NaN,NaN
-1344.4,0.015928
-1377.6,0.013124
-1359,0.012743
-1393.6,0.014445
-1395.2,0.012147
-1397.1,0.017197
-1402.9,0.015178
-1408.7,0.01528
-1347.2,0.014098
-1395.5,0.016468
-1420.6,0.012857
-1404.8,0.018562
-1424.8,0.014681
-1400.5,0.013745
-1441.5,0.015082
-1454.2,0.016635
-1465.7,0.014434
-1451.9,0.016757
-1358.4,0.018794
-1447.7,0.017176
-1512.1,0.015699
-1494.4,0.015834
-1512.5,0.013728
-1501.9,0.015688
-1502.5,0.012982
-1506.9,0.013148
-1504.6,0.01675
-1528.9,0.015619
-1540.7,0.014744
-1528.1,0.013064
-1525.3,0.014519
-1526,0.015981
-1511,0.01304
-1509.4,0.017541
-1526,0.013813
-1434.5,0.012835
-1437.9,0.015794
-1558.2,0.015207
-1562.7,0.015279
-1605.2,0.017865
NaN,NaN
-1577.1,0.011471
-1607.6,0.01568
-1534.8,0.018131
-1619,0.013108
-1626.7,0.017041
-1611.7,0.012376
-1605.6,0.015212
-1616,0.017387
-1593.6,0.01582
-1581,0.013624
-1584.9,0.012807
NaN,NaN
-1608.7,0.015093
-1608.4,0.014922
-1589.5,0.014639
-1591.2,0.015753
-1606.9,0.01361
NaN,NaN
-1604.2,0.015595
NaN,NaN
-1608,0.012531
-1640.3,0.012788
-1644.2,0.023142
-1537.1,0.016085
-1577.1,0.014504
-1642.9,0.01512
-1652.9,0.019075
-1665,0.011554
-1575.4,0.01353
-1573.2,0.010511
-1597.5,0.017485
-1622.7,0.015077
NaN,NaN
-1681.1,0.017006
-1713.6,0.014796
-1718.3,0.015869
-1777.7,0.014235
-1862.9,0.014852
-1793.1,0.013365
-1825.6,0.016678
-1846.4,0.012938
-1777.4,0.013491
-1735.7,0.012927
-1848.8,0.017342
-1837,0.01459
-1850,0.016402
-1821.3,0.015963
NaN,NaN
-1852.7,0.017535
-1830.7,0.01329
-1861.7,0.01633
-1876.8,0.018224
-1876.5,0.016169
-1838,0.016961
NaN,NaN
-1872.1,0.014793
-1874.4,0.011797
-1865.1,0.016465
-1862,0.016852
-1875.6,0.01553
-1781.9,0.016098
-1771.7,0.013858
-1893.6,0.0096905
-1897.5,0.015771
-1796.7,0.013273
-1789.7,0.013859
NaN,NaN
-1811.3,0.012989
-1858.9,0.017065
-1938.4,0.014235
-1908.3,0.015164
-1919.2,0.01464
-1840.8,0.017202
-1965.6,0.013891
-1978.9,0.015393
-1975.9,0.018895
-1959.3,0.014563
-1983.6,0.016884
-1882.6,0.014245
-1863.8,0.016066
-1971,0.01573
-1868.7,0.012783
-1887.1,0.014696
NaN,NaN
NaN,NaN
-2042.1,0.012408
-2024.5,0.015543
-2011.9,0.015315
-2002.9,0.014444
-1973.1,0.014184
NaN,NaN
-1975.6,0.016101
-1954.2,0.014718
-1884.1,0.013475
-1917.1,0.014704
-1978.8,0.012511
-2015.1,0.014929
-2006.2,0.014534
-1987.6,0.015297
-2010.1,0.011929
-1987.5,0.015405
-1952.9,0.014462
NaN,NaN
-1989.2,0.015029
-1973.7,0.013587
-1990.7,0.015923
-1977.4,0.015028
-1971.9,0.016244
-2003.8,0.014589
-1855.4,0.013699
-1973.9,0.014038
-2001.1,0.012506
-1989.2,0.014966
-1993.6,0.016813
NaN,NaN
-2013.8,0.012917
-1985.1,0.016081
-1957.9,0.01412
-1993.6,0.017039
-1969,0.015434
-2001.6,0.014207
-2001.4,0.010648
-1990.4,0.016187
NaN,NaN
-1983.9,0.014681
-1991.2,0.015488
-1996.7,0.012001
-1985.5,0.014077
-1996.3,0.015119
-1979.6,0.013674
-1983.8,0.013496
-1992.8,0.015726
-2007.3,0.011654
-2006,0.014235
-1994.1,0.013442
-1935.1,0.016105
-1915.8,0.011877
-2015.2,0.015598
-2029.4,0.014249
-2067.1,0.013435
-2027.9,0.014074
-2022.8,0.016437
-2026.3,0.013508
-1937.9,0.010767
NaN,NaN
-2044.9,0.01581
-1948.7,0.014881
-2051.6,0.016513
-2085,0.014639
-2075.3,0.012302
-2075.5,0.015765
-2085.6,0.01297
-1997.8,0.016807
-1975.7,0.015141
-2099.5,0.014294
-2114.4,0.01363
-2097.7,0.013215
-2105.2,0.015655
-2123.7,0.014245
-2104.3,0.013918
-2099,0.016496
-2016.2,0.011434
-2003.3,0.020136
-2123.7,0.028089
-2128.7,0.016265
-2135.2,0.01157
NaN,NaN
-2135.4,0.015948
NaN,NaN
-2051.7,0.045372
-2094.9,0.014222
-2113,0.026721
-2182,0.014495
-2190,0.01616
NaN,NaN
-2166.5,0.014857
-2142.1,0.013192
-2167.4,0.010767
-2160.6,0.016187
-2056.6,0.016234
-2133.5,0.0146
-2165.5,0.012451
-2181.5,0.015381
-2198.3,0.016759
-2172.9,0.011442
-2209.4,0.016196
-2198.3,0.012143
-2116,0.014697
-2071.2,0.013607
NaN,NaN
-2113.9,0.014292
-2110.2,0.01339
-2135.5,0.012338
-2209.9,0.014266
-2262.1,0.014979
-2290.2,0.011423
-2167.9,0.012464
-2199.2,0.015332
-2248,0.012372
-2298.9,0.01563
-2328.5,0.016827
-2326.5,0.014115
-2258.8,0.013228
-2292.2,0.01395
-2346.1,0.015186
-2310.3,0.014562
-2326,0.016958
-2253.1,0.015433
-2321.1,0.014125
-2323.4,0.017084
-2290.4,0.01269
-2308.6,0.012906
-2320.6,0.013084
-2193.3,0.015775
-2214.6,0.015358
-2199.6,0.015833
-2207.5,0.012544
-2214.6,0.012712
-2238.6,0.012514
-2259,0.013739
-2280.6,0.01572
-2202.6,0.012025
-2218.6,0.016961
-2197.2,0.014524
-2220.5,0.01176
-2237,0.017014
-2240.2,0.011533
-2364,0.012011
-2342.1,0.015554
-2282.8,0.013876
-2237.5,0.01593
-2349.2,0.014164
-2331.5,0.01455
-2292.5,0.015632
-2323,0.014065
-2296.3,0.017342
-2205.8,0.015675
-2158.4,0.014138
NaN,NaN
-2204.5,0.012253
-2250,0.014346
-2303.7,0.014242
-2355.2,0.013885
-2323.2,0.022713
-2309.5,0.016674
-2248.3,0.013675
-2304.2,0.01561
-2303.1,0.013347
-2303.7,0.014426
-2299.8,0.014005
-2284.5,0.015143
-2285.7,0.013989
-2248.1,0.013905
-2241.4,0.015295
-2214.2,0.012309
-2138.4,0.017345
-2225.7,0.01085
-2254.6,0.016074
-2210.5,0.014448
-2233.8,0.017292
-2259.5,0.014366
-2248.3,0.01532
-2171.8,0.017072
-2193.2,0.015591
-2212.1,0.014449
-2244.5,0.015176
-2236.2,0.013399
-2256.1,0.015232
-2276.6,0.014463
-2221,0.022016
-2244.2,0.012205
-2263,0.017324
-2243.1,0.013616
-2272.9,0.015017
-2236.7,0.014369
-2241.6,0.015859
-2249.7,0.015129
-2169.5,0.016346
-2236.3,0.017607
-2231.4,0.014679
-2297.7,0.013921
-2282.4,0.014364
-2254.4,0.01597
-2180.4,0.014193
NaN,NaN
-2325.5,0.01373
-2241.7,0.019114
-2320.7,0.014532
-2317,0.013995
-2295.7,0.013314
-2339.1,0.013904
-2300.8,0.013758
NaN,NaN
-2316.3,0.01526
-2317.3,0.01702
-2308.6,0.015187
-2329.4,0.014025
-2316,0.014485
-2332.9,0.012513
-2326.2,0.01376
-2338.1,0.014724
-2360.5,0.012647
-2380.5,0.013307
-2254.8,0.014122
-2316.3,0.012002
-2410.4,0.012821
-2408.2,0.014082
-2379.8,0.014461
NaN,NaN
-2384.4,0.015073
-2403.4,0.016034
-2398,0.013588
NaN,NaN
-2331.4,0.014551
-2394.1,0.012165
-2378.6,0.013634
-2410.6,0.017484
-2386.2,0.014364
-2390.8,0.014002
-2441.4,0.017171
-2432.9,0.012744
-2295.4,0.016948
-2333.8,0.01514
-2414.5,0.0139
-2445.3,0.013143
-2349.1,0.014634
-2398.4,0.016145
-2462.8,0.011609
-2480.9,0.017484
-2481.8,0.015467
-2463,0.016815
-2481.1,0.018156
-2465.2,0.014781
-2464.7,0.014641
-2485.4,0.017316
-2493.6,0.011739
-2465.7,0.017993
-2483.5,0.015763
-2463.7,0.015799
-2374.3,0.017633
-2466.2,0.014501
NaN,NaN
-2513,0.013955
NaN,NaN
-2435.2,0.016298
-2526.2,0.015751
-2457.1,0.017058
-2500.9,0.016739
-2531.7,0.012859
NaN,NaN
-2506.9,0.015356
-2429.7,0.015551
-2498.4,0.013825
-2499.1,0.011812
-2497.2,0.015
-2506.2,0.014803
-2507.2,0.014817
-2463.3,0.01719
-2436.7,0.014538
-2318.6,0.014469
-2372.3,0.013991
-2432.6,0.012732
-2553.2,0.015546
-2526.9,0.014864
-2531.6,0.012815
-2523.2,0.014779
-2457,0.017671
-2440.6,0.016744
-2436.2,0.015974
NaN,NaN
NaN,NaN
-2574.3,0.015555
NaN,NaN
-2551.9,0.012774
-2529.1,0.017587
-2485.3,0.015602
-2465.3,0.018037
NaN,NaN
NaN,NaN
-2374.1,0.011314
-2480.9,0.015571
-2491.9,0.016471
-2490.9,0.014266
-2509.5,0.014024
-2452.4,0.016061
-2499.8,0.011477
NaN,NaN
-2495,0.012736
-2470.5,0.014028
-2432.3,0.016901
-2458.1,0.017445
-2417.5,0.01335
NaN,NaN
NaN,NaN
-2369.5,0.013418
NaN,NaN
-2319.1,0.014582
-2349.2,0.015012
-2441.6,0.017333
-2427.7,0.014242
-2458.8,0.035164
NaN,NaN
NaN,NaN
-2440.5,0.014906
-2326.1,0.014677
-2419.6,0.014942
-2443.2,0.013485
-2331.8,0.01566
-2337.3,0.013191
-2350.4,0.014688
-2373.7,0.015121
-2393.3,0.014013
NaN,NaN
-2425.6,0.015618
-2431.6,0.012623
-2412.1,0.01592
-2586.8,0.018367
-2555.8,0.016078
-2570,0.013174
-2544.2,0.01517
-2527.6,0.012856
-2507.7,0.014007
-2543.4,0.015448
-2437.1,0.01433
-2488,0.015896
-2465.6,0.014997
-2477.6,0.016729
NaN,NaN
-2492.2,0.011945
-2461,0.016261
-2444.3,0.016523
-2445.8,0.015082
-2422.1,0.013801
-2447.4,0.013388
-2425.9,0.014939
-2379.1,0.014812
-2432.3,0.014188
-2434.8,0.014619
-2439.6,0.017382
-2421.4,0.014611
-2421.2,0.017268
-2365.2,0.013545
-2406.9,0.016654
-2426.4,0.01638
-2389.5,0.017117
-2393.8,0.018963
-2410.3,0.022851
-2419.2,0.015677
-2395.4,0.015588
-2398.9,0.019066
-2401.1,0.015133
NaN,NaN
-2409.1,0.014358
-2382.6,0.014974
-2385.5,0.01646
-2415.6,0.016387
-2383.3,0.01668
NaN,NaN
-2403.7,0.012905
-2395.5,0.01689
-2393.1,0.011062
-2360.6,0.016207
-2368.6,0.014258
-2383.3,0.014571
-2346.6,0.013577
-2378.9,0.014239
-2357.8,0.015459
-2352.7,0.017658
-2352.2,0.014972
-2357.8,0.015823
-2376.9,0.013726
-2355.3,0.01388
-2379.8,0.015769
-2351.8,0.013856
-2339.2,0.012462
-2362.7,0.011781
-2348.8,0.013583
-2330.1,0.011998
-2330.3,0.015681
-2358.6,0.011451
-2363.1,0.016041
-2298,0.015971
-2337.8,0.017977
-2327.3,0.012372
-2328.4,0.019879
-2348.3,0.014969
-2257.5,0.012819
-2359.3,0.015342
-2265.1,0.017024
-2330.2,0.015312
-2377,0.014238
-2401,0.016599
-2368.7,0.015447
-2356.9,0.01621
-2358.7,0.013425
-2361.2,0.017265
NaN,NaN
NaN,NaN
NaN,NaN
-2368.8,0.01543
-2376.9,0.015612
-2374,0.016663
-2331.9,0.013021
-2361.8,0.016301
-2367.4,0.011651
-2384,0.012042
-2337.8,0.014118
-2346.4,0.014004
-2352.9,0.011913
-2383.9,0.01675
-2239.9,0.013643
-2320.8,0.014771
-2383.6,0.014745
-2378.3,0.013827
-2340.2,0.015333
-2371.4,0.01435
-2328.1,0.01696
-2251.2,0.014493
-2351.5,0.014694
-2361,0.015348
-2347.4,0.015183
-2349.8,0.016699
-2344.9,0.014791
-2272,0.011411
-2302.7,0.01465
-2214,0.019699
-2188.3,0.01768
-2309.1,0.014396
-2280.7,0.01648
-2345.7,0.016276
-2310.6,0.014668
-2219.3,0.017197
-2256.8,0.011331
-2308.7,0.019688
-2302.2,0.01577
-2306,0.011464
-2210.6,0.014483
-2186.8,0.015293
-2201.8,0.018329
-2300.5,0.01291
-2301.8,0.015602
-2321.1,0.013769
-2318.7,0.014334
-2328.6,0.018037
-2305.9,0.015069
-2314.6,0.014398
-2309,0.012059
-2300.1,0.015913
-2315.4,0.016266
-2254.4,0.010187
-2303,0.017521
-2296.3,0.012863
-2280.7,0.015664
-2303.4,0.015444
-2216.7,0.01444
-2276.9,0.011527
-2171.5,0.013287
-2129.9,0.015454
-2277.9,0.015106
-2281.4,0.01294
-2266.7,0.013637
-2274.2,0.012843
-2243,0.016722
-2205.6,0.015105
-2254.4,0.017314
-2235.3,0.018046
-2204.6,0.013163
-2117.3,0.01571
-2207.5,0.014828
-2154.6,0.013879
NaN,NaN
NaN,NaN
-2246.4,0.018689
-2226,0.015428
-2221.8,0.01165
-2206.4,0.016485
-2217.6,0.017106
-2215.7,0.015371
-2213.2,0.014797
-2195.8,0.014677
-2162.2,0.013904
-2110.7,0.014806
-2119.9,0.015903
-2252.8,0.014988
-2172.8,0.017521
-2196,0.012662
-2315.6,0.017196
-2352.3,0.016407
-2248.9,0.014661
-2313.6,0.016071
-2339.2,0.014987
-2320.1,0.012381
-2436.4,0.0165
-2395.1,0.013697
-2380.4,0.016694
NaN,NaN
-2559.4,0.014365
-2562.3,0.020298
-2499.1,0.018976
-2487.6,0.014057
-2608.8,0.014557
-2618.1,0.016755
-2592.5,0.017361
-2654.3,0.017375
-2676.8,0.013817
NaN,NaN
-2708.7,0.013026
-2662.4,0.016236
-2707.1,0.016133
-2721.5,0.012737
NaN,NaN
-2752.6,0.016279
NaN,NaN
-2762.6,0.015603
-2767.4,0.014241
NaN,NaN
-2838.8,0.014072
-2732.5,0.014297
-2789.9,0.010756
NaN,NaN
-2927.2,0.013608
-2859.1,0.013714
-2837,0.012014
-2989.5,0.012616
-3017.2,0.01669
NaN,NaN
-3034.6,0.013437
NaN,NaN
-3064,0.014239
-3029.6,0.0163
-3041.9,0.013466
-3058.3,0.015143
-3014.6,0.015782
NaN,NaN
-3079.1,0.014384
-3085,0.014958
-3095.7,0.01172
-3109.4,0.013789
-3127.3,0.015468
-3135,0.016082
-3122,0.016785
-3139.6,0.015494
-3144.4,0.01224
-3161.3,0.016943
-3128.7,0.016192
-3211.9,0.016983
-3124.9,0.015278
-3121.5,0.012295
-3232.7,0.015119
-3277.6,0.018994
-3262.4,0.012947
-3288.6,0.015422
NaN,NaN
-3285.6,0.012251
-3310.6,0.017099
NaN,NaN
NaN,NaN
NaN,NaN
-3350.2,0.011411
-3352.7,0.01475
-3329.4,0.016937
-3352.8,0.01419
-3373,0.015613
-3410.4,0.015636
-3392.5,0.014466
-3373.8,0.015232
-3398.9,0.01195
-3359.5,0.014928
-3329.8,0.014316
-3319.1,0.015739
-3430.1,0.012342
-3448.6,0.014109
NaN,NaN
-3483,0.014434
-3483.1,0.017722
-3522.7,0.014215
-3423.5,0.016682
-3406.1,0.014181
NaN,NaN
-3452.8,0.012678
-3473.7,0.015453
NaN,NaN
-3520.9,0.015135
-3547.8,0.014104
-3581.3,0.024863
-3653.7,0.014558
-3619.5,0.012887
-3690.4,0.012331
-3752.3,0.014709
-3738.6,0.016681
-3758.5,0.015102
-3746.6,0.015481
-3692.8,0.014809
-3746.6,0.013244
-3765.7,0.014492
NaN,NaN
-3749.1,0.01357
-3742.4,0.014732
-3760.5,0.012526
-3757.9,0.011454
-3651,0.014646
-3727.5,0.056334
-3791.1,0.014336
-3737.1,0.013134
-3811.3,0.014047
-3777.1,0.016727
-3788.1,0.01752
-3742.4,0.049832
NaN,NaN
-3815,0.016588
-3790,0.012103
-3782.1,0.012965
-3761.5,0.013589
-3783.1,0.014425
-3822.3,0.014627
-3786.1,0.016125
-3783.7,0.014086
-3798,0.016917
-3806.5,0.01534
-3827.4,0.016026
-3817.6,0.012934
-3818.6,0.013303
-3805,0.015302
-3836.7,0.012866
-3768,0.016154
-3834.6,0.015762
-3834.1,0.016367
-3857.8,0.013127
-3834,0.014271
NaN,NaN
-3827,0.012678
-3844.7,0.018615
-3865.9,0.016007
-3793,0.010951
-3843.1,0.013303
-3870.7,0.015906
-3851.9,0.015268
-3854.5,0.016433
-3857.3,0.022206
-3861.1,0.013073
-3876.1,0.018624
NaN,NaN
-3798.1,0.014815
-3878.9,0.012803
-3864.6,0.018292
-3885.4,0.016889
-3903.9,0.013767
-3879.2,0.012721
-3882.2,0.012661
-3880.5,0.014414
-3861.6,0.014003
-3909.6,0.013162
-3895.9,0.012777
-3912.5,0.010961
NaN,NaN
-3818,0.013432
-3921.8,0.014902
-3959.5,0.022621
-3961.1,0.015119
-3924,0.013494
-3969.2,0.012374
-3959.4,0.012823
NaN,NaN
-3960.7,0.013072
-3977.4,0.018325
-3984.1,0.015819
-3988.9,0.012604
-3983.1,0.013977
-3991.3,0.015833
-4003.9,0.013255
-4002.2,0.011502
-3990.9,0.015794
-3990.6,0.017948
-4002,0.014049
-4022.6,0.014202
-4035.7,0.014775
-4023.7,0.014446
-4019.2,0.016055
-4032,0.016792
-4024.7,0.014753
-3908.8,0.017428
-3915.8,0.013188
-4041.7,0.014854
-3951.5,0.015392
-4031.5,0.012997
-3987.1,0.014433
-3974.1,0.014011
-3978.6,0.016916
NaN,NaN
NaN,NaN
-4087.4,0.013817
-4076.6,0.01395
-4093.1,0.017511
-4082.2,0.014555
-4073.7,0.017067
-4086.8,0.016168
-4067.8,0.015175
-4066.6,0.016683
-4068.9,0.012557
-4014.2,0.013322
-4032.7,0.015972
-4000.7,0.015823
-4011.4,0.015071
-3927.9,0.013803
-3853.9,0.018515
-3880.8,0.01301
-3917.7,0.013068
-3938,0.013907
-3912.9,0.014996
NaN,NaN
-3885.2,0.019354
NaN,NaN
-3847.1,0.013143
-3878.6,0.014729
-3855.3,0.016013
NaN,NaN
-3808.9,0.014685
-3802.9,0.011148
-3799.2,0.013056
-3779.9,0.014587
-3705,0.015538
-3666.3,0.013519
-3740.5,0.015264
NaN,NaN
-3769.8,0.014697
-3771.9,0.012141
-3777.8,0.013051
-3762.1,0.014544
-3732,0.013989
-3726.6,0.01538
-3763.2,0.012262
-3722.6,0.013367
-3668.5,0.014537
-3610.7,0.015211
-3691,0.014338
-3736.5,0.015879
-3717.8,0.016139
-3694.4,0.014111
-3585.9,0.014368
-3535.5,0.013032
-3693.5,0.015345
NaN,NaN
-3580.6,0.014556
-3702.8,0.016711
-3641.6,0.014784
-3565.9,0.014898
NaN,NaN
-3578.6,0.013233
-3574.9,0.015335
NaN,NaN
-3677.5,0.018663
-3580.7,0.014974
-3655.7,0.014815
-3669.6,0.015475
-3663.6,0.018415
-3695.7,0.015496
-3688.3,0.01226
-3641,0.014261
-3553.1,0.015385
NaN,NaN
-3642.9,0.014266
-3569.4,0.014289
-3546.4,0.016621
-3637.1,0.0141
-3640.7,0.017612
-3556.5,0.01462
-3613.7,0.015091
-3648.7,0.016759
-3654.4,0.012566
-3573.9,0.015073
-3625.2,0.018425
-3604.6,0.013228
-3597,0.016119
-3568.8,0.015151
-3564.5,0.014345
-3483.8,0.016142
-3447.7,0.013853
-3522.1,0.014482
-3552.7,0.014838
-3592.7,0.016777
-3467.7,0.011505
-3503.3,0.016639
NaN,NaN
-3507,0.016042
-3458.7,0.012135
-3567.1,0.015059
-3543.9,0.016286
-3600,0.013968
NaN,NaN
-3572.6,0.015544
-3528.5,0.015428
-3448,0.013792
-3528.7,0.015108
-3463,0.014505
-3455.7,0.016552
-3550.9,0.013026
-3464.6,0.01401
-3471.6,0.016757
-3572.1,0.015992
-3579.3,0.016844
-3519.5,0.01275
NaN,NaN
-3599.3,0.015317
-3588.9,0.013241
-3582.9,0.01407
-3594.5,0.014789
-3579.1,0.013938
-3562.4,0.014534
-3533.8,0.011785
-3524.3,0.016032
-3542.2,0.012905
-3513.2,0.014529
-3443.7,0.016607
-3518.9,0.011779
-3508.4,0.013892
-3537.9,0.01314
-3384.4,0.014236
-3392.3,0.014535
-3370.6,0.016938
-3374.6,0.013633
-3392.5,0.0161
-3383.5,0.013291
-3387.6,0.01616
-3407.8,0.014314
-3393.5,0.014354
-3430.5,0.013431
-3423.7,0.017116
-3396.6,0.016432
NaN,NaN
-3503.9,0.014409
-3532.5,0.014117
-3543.5,0.016424
-3506.9,0.015851
-3502.6,0.014224
-3478.7,0.014669
NaN,NaN
-3526.1,0.014553
-3477.3,0.017088
-3501.7,0.017739
-3424.3,0.016759
-3376.3,0.014473
-3403.6,0.013142
-3419.5,0.014098
-3431.1,0.016259
-3466,0.01287
-3478.8,0.012692
-3499.8,0.015128
-3479.8,0.01262
-3651,0.015008
-3671.9,0.012593
-3670.2,0.015641
-3661.6,0.013654
-3634,0.015651
-3665.4,0.012769
-3639.9,0.015073
NaN,NaN
-3617.5,0.015967
-3626.1,0.012872
-3629.1,0.017171
-3619.4,0.014986
-3620.5,0.015149
-3621.4,0.013777
-3628.4,0.017155
-3604.1,0.014113
-3617,0.015168
-3605.8,0.013516
-3606.5,0.012631
-3618.9,0.015021
-3602.8,0.014413
-3601.4,0.014671
-3603.5,0.015773
-3591.4,0.011558
-3602.7,0.016934
-3563,0.01241
-3578.1,0.01495
-3592.7,0.017126
-3598.4,0.013715
-3643.9,0.01395
-3574.1,0.01591
-3566,0.013515
-3577.1,0.014076
-3582.4,0.015156
-3605.2,0.011889
-3573.4,0.01389
-3539.3,0.015451
-3577.5,0.013774
-3586,0.015743
-3593.5,0.012188
NaN,NaN
-3561.4,0.015074
-3566.7,0.014579
-3537.2,0.01258
-3528.1,0.015957
-3516.3,0.014724
-3529.3,0.014786
-3515.1,0.014599
-3526.3,0.014677
NaN,NaN
-3522.6,0.015439
-3531.1,0.013435
-3505.2,0.012895
-3518.6,0.015376
-3529.6,0.017669
-3529.2,0.013758
-3455.5,0.012671
-3536.9,0.016777
-3540.8,0.014106
-3550.1,0.016811
-3547.3,0.014891
-3487,0.017669
-3556.4,0.013303
-3531.8,0.01324
-3540.2,0.013359
-3512.2,0.014983
NaN,NaN
-3507.1,0.015659
-3520.5,0.016316
-3526.2,0.015965
-3499.7,0.01191
-3458.5,0.013186
-3535.3,0.014075
NaN,NaN
-3524,0.015128
-3542.5,0.01523
-3507.4,0.015734
-3534,0.015548
-3526.2,0.016889
-3537.1,0.017941
-3520.6,0.015735
NaN,NaN
-3520.9,0.014963
NaN,NaN
-3377.7,0.017856
-3364.6,0.012658
-3551.5,0.013267
-3457,0.012001
NaN,NaN
-3486.8,0.017176
-3529.2,0.01516
-3398.2,0.017933
-3454,0.015763
-3521.9,0.012421
-3436,0.016923
-3426.6,0.012148
-3474.6,0.013926
-3527.3,0.017605
-3556.2,0.01208
-3526.6,0.011654
-3438.5,0.015592
-3526.1,0.016847
NaN,NaN
NaN,NaN
-3532.8,0.017493
-3531.1,0.015091
NaN,NaN
-3445.7,0.013287
-3540.7,0.015817
NaN,NaN
-3582.3,0.016073
-3556.9,0.016553
-3579.8,0.016607
-3545.2,0.015188
-3533.8,0.012727
-3450.1,0.012498
-3489.2,0.013984
-3544.9,0.013188
-3552.5,0.013534
-3452.2,0.01276
-3527.1,0.014025
-3481.7,0.016765
-3483.3,0.016262
-3548.8,0.014837
-3623.2,0.015339
-3562.3,0.017333
-3539.1,0.016783
NaN,NaN
NaN,NaN
-3694.8,0.014419
-3639.9,0.014911
-3633,0.014788
-3628,0.01673
-3759.2,0.016726
-3662.8,0.01892
-3684.6,0.014023
NaN,NaN
-3807.2,0.01365
-3800.1,0.012756
-3790.3,0.014324
NaN,NaN
-3814.2,0.015129
NaN,NaN
-3805.6,0.012903
-3803.2,0.014228
-3824.9,0.015063
-3753.8,0.01489
-3825.2,0.013251
-3826.1,0.013479
-3845.4,0.017843
-3842.5,0.01606
-3868.6,0.014648
-3855,0.013917
-3893.4,0.015142
-3852.5,0.013435
-3870,0.015504
-3867.2,0.014278
-3881.2,0.011973
-3861.6,0.013909
-3884.3,0.013902
-3877.7,0.015221
-3865.6,0.014209
-3895.4,0.015971
-3893.6,0.016044
-3853,0.017957
-3860.4,0.017165
-3851.6,0.014042
-3850.6,0.015704
-3834.8,0.016013
-3858.9,0.016743
NaN,NaN
-3829.9,0.012559
-3825.3,0.015356
-3836.4,0.015452
-3807.5,0.014175
-3828.9,0.015283
-3837.7,0.016102
-3792.8,0.014739
-3804.7,0.015979
NaN,NaN
-3760.4,0.011196
-3690.4,0.013625
-3795.3,0.016553
-3707.7,0.01627
NaN,NaN
NaN,NaN
-3825,0.015045
-3791.8,0.014344
NaN,NaN
NaN,NaN
NaN,NaN
-3756.7,0.014276
-3829.8,0.012559
-3742.4,0.012171
-3799.5,0.013175
-3753.3,0.015644
-3744.2,0.01507
-3753.8,0.014854
-3826.4,0.013969
-3868.7,0.011528
-3856.5,0.012905
-3871.8,0.015164
-3763.6,0.017088
-3724.1,0.013379
-3831.5,0.01743
-3760.4,0.016452
-3719.5,0.014025
-3809.2,0.016402
-3732.2,0.017045
-3825.4,0.015487
-3758.7,0.016335
-3742,0.016157
-3773.9,0.017825
-3871.5,0.014359
-3853.2,0.017245
-3764.7,0.01193
-3835.5,0.013967
-3900.4,0.017525
NaN,NaN
-3852.2,0.015653
-3873.9,0.014933
-3830.4,0.015008
-3843.9,0.014818
NaN,NaN
-3841.5,0.01469
-3799.4,0.014346
NaN,NaN
-3812,0.015625
-3784,0.015918
-3774.7,0.016196
-3781.7,0.013655
-3734.7,0.013123
-3788.1,0.015701
-3757.5,0.01489
NaN,NaN
-3720.5,0.014378
-3749.8,0.015149
-3793.7,0.013688
-3674,0.016009
-3732.1,0.013478
-3674.8,0.016203
-3677.5,0.015121
-3701.7,0.016379
-3752,0.015106
-3812.4,0.014652
-3821.5,0.015506
-3805.1,0.014582
-3799.6,0.012581
NaN,NaN
-3781.1,0.013442
-3693.1,0.014767
-3767.8,0.014968
-3737.8,0.015333
-3811.4,0.013552
-3794.2,0.016847
-3813.1,0.014995
-3716,0.013927
-3703.3,0.015008
-3715.6,0.015103
-3735.9,0.017008
-3763.7,0.011985
NaN,NaN
-3795.8,0.012524
-3805.5,0.016048
NaN,NaN
-3821.4,0.012564
-3828.7,0.015539
-3883.1,0.015405
-3838.8,0.014638
-3920.3,0.014681
-3994.6,0.015078
-3975.7,0.011241
-3957,0.013603
-3949.5,0.01631
-3955.4,0.015063
-3936,0.015794
NaN,NaN
NaN,NaN
-3794.4,0.016303
-3906.4,0.015862
-3896.9,0.017063
-3806.6,0.012776
NaN,NaN
-3921.6,0.014838
-3819.5,0.016626
-3931.2,0.01403
-3899,0.016276
-3920.7,0.017396
NaN,NaN
-3886.2,0.014953
-3900.5,0.013275
-3865.7,0.013478
-3885.6,0.012519
-3869.1,0.013477
-3829.6,0.014577
-3848.2,0.014879
-3846.7,0.015102
-3826.8,0.016469
NaN,NaN
-3806.3,0.013893
-3821.5,0.014573
NaN,NaN
-3804.5,0.012878
-3702.5,0.014799
-3785.2,0.016822
-3836.2,0.01342
-3834,0.013786
-3808.3,0.015819
-3796.6,0.012951
-3777.6,0.014365
NaN,NaN
-3741.3,0.016457
-3726.5,0.015948
-3758.2,0.013429
-3646,0.013479
-3599,0.013026
-3571.3,0.017286
-3682.3,0.014643
-3647.6,0.016791
-3682.6,0.011633
-3724.2,0.016165
-3697.1,0.012273
-3690.9,0.014199
-3702.6,0.015776
NaN,NaN
NaN,NaN
NaN,NaN
-3590.5,0.013027
-3615,0.014884
-3598.2,0.014241
-3566.5,0.012507
-3496.4,0.01564
-3467.6,0.013601
-3585.8,0.015144
-3578.6,0.019824
-3553.4,0.013766
-3585,0.012746
NaN,NaN
-3583.6,0.014104
-3575.6,0.013728
NaN,NaN
-3576.9,0.015419
-3583.6,0.012746
-3577,0.013732
-3607.9,0.017642
NaN,NaN
-3597.2,0.014732
-3565.4,0.015404
-3482.5,0.01456
-3480.7,0.015566
-3484.1,0.012849
NaN,NaN
-3489.7,0.016642
-3503.7,0.012885
-3493.7,0.01147
-3531.5,0.016708
-3525.5,0.014909
-3607.5,0.014565
-3512.3,0.013004
NaN,NaN
-3571.4,0.011556
-3650.8,0.016905
-3692,0.012661
-3655.6,0.014029
-3636.5,0.016771
-3665.4,0.013801
NaN,NaN
-3644.8,0.013203
-3674,0.015189
-3670.7,0.014245
-3610.8,0.016428
-3677.6,0.015464
-3684.7,0.043449
-3664.1,0.018023
-3647.5,0.017
-3671.3,0.01506
NaN,NaN
-3624.7,0.015059
NaN,NaN
-3688.6,0.016213
NaN,NaN
-3672,0.015972
-3683.3,0.015776
NaN,NaN
-3679.9,0.016477
-3678.3,0.015848
NaN,NaN
-3667.4,0.017724
-3719.5,0.015048
-3711.6,0.016971
-3689.6,0.014855
-3722.5,0.017421
-3697.6,0.015404
-3685.7,0.015443
-3718.9,0.017374
-3734.3,0.018711
NaN,NaN
-3656.6,0.012267
-3696.9,0.016806
-3628.1,0.015586
-3713.7,0.016019
NaN,NaN
-3736.5,0.01253
-3756.8,0.018023
-3751.5,0.017018
-3758.3,0.013016
-3756.4,0.017222
-3751.5,0.014398
-3747.1,0.015573
-3658.6,0.015152
-3623.9,0.015038
-3791.8,0.01558
-3776.8,0.015172
-3811.2,0.017525
-3785.2,0.016473
-3803.8,0.014025
-3774.4,0.016177
-3781.4,0.018588
-3767,0.015085
-3764.4,0.015174
-3704.3,0.01219
-3770.5,0.013989
NaN,NaN
NaN,NaN
-3757.1,0.015286
-3755.4,0.014524
-3730.8,0.016289
NaN,NaN
-3677.1,0.01617
-3751.1,0.012455
-3766.5,0.016201
-3763.5,0.017991
-3755.8,0.016194
-3730.4,0.013925
NaN,NaN
-3708,0.014926
-3780.6,0.019613
-3733.6,0.016167
-3760.6,0.015196
-3675.7,0.018662
NaN,NaN
-3715,0.016055
-3694.4,0.015866
-3701.8,0.016992
-3661.4,0.016467
-3606.6,0.011616
-3568.6,0.020671
-3555.5,0.01486
-3612.7,0.016378
-3666.3,0.017553
-3679.4,0.017059
-3697.2,0.017953
-3580.1,0.018958
-3658.3,0.015046
-3558.1,0.015161
NaN,NaN
-3667.9,0.0144
NaN,NaN
-3641.4,0.014394
-3633.4,0.015707
-3592,0.017178
-3501.3,0.012434
-3601.6,0.014354
-3615.9,0.016307
-3631.8,0.014002
-3591.3,0.018189
-3609.3,0.014851
-3615.9,0.018314
-3598.1,0.016443
-3630,0.017448
-3619,0.014325
-3501.4,0.015518
-3601.5,0.016607
-3646.3,0.016788
-3638.3,0.014576
NaN,NaN
-3629.8,0.015803
-3629.5,0.016729
-3614.6,0.017307
NaN,NaN
NaN,NaN
-3592,0.017725
-3587.2,0.016576
-3588.2,0.012929
-3600.1,0.014606
-3592,0.015841
-3548.2,0.014628
-3534.4,0.016937
-3579.8,0.012753
-3568.5,0.016268
-3538.3,0.018079
-3529.4,0.016601
-3571.1,0.013598
-3550.3,0.013665
-3562,0.01622
-3534,0.016886
-3569.4,0.016959
-3551.2,0.019939
-3529.6,0.014069
NaN,NaN
-3514,0.015059
-3550.1,0.019281
-3517.9,0.017891
NaN,NaN
-3500.4,0.017738
-3502.2,0.015729
-3489.7,0.016257
-3521.1,0.017017
-3439,0.017138
-3399.4,0.016703
-3412.4,0.016691
NaN,NaN
-3455.2,0.017136
-3470.3,0.018007
-3496.9,0.017073
-3489.8,0.013652
-3538.4,0.017874
-3528.7,0.012744
-3658.4,0.014904
-3628.9,0.018987
-3648.4,0.016626
-3647,0.01518
-3631,0.016304
-3592.2,0.015485
-3611.7,0.014922
-3599.9,0.016524
-3599.2,0.016574
-3589.9,0.013477
NaN,NaN
-3574.4,0.015909
-3561.8,0.013047
-3555.4,0.018616
-3594.8,0.017506
-3553.5,0.015934
-3549.5,0.014826
-3465.9,0.020176
-3536.4,0.0166
-3524.1,0.015158
-3511.2,0.014779
-3535.4,0.013761
-3527.9,0.012764
-3549.2,0.019022
-3520.9,0.015715
-3505,0.017472
-3448.7,0.014426
-3498.8,0.016683
-3516.5,0.016366
-3506.5,0.015284
-3494.4,0.019455
-3504.2,0.017031
-3519.8,0.01616
-3513.3,0.019035
-3502.3,0.017543
-3516.4,0.020378
-3510.7,0.017115
-3497.7,0.014323
-3492.4,0.015592
-3478.5,0.017301
-3470.6,0.013322
-3477.3,0.013043
-3462,0.014799
-3478.2,0.016599
-3467,0.014062
-3474.9,0.013999
-3360.1,0.01594
-3365.2,0.017711
-3417.8,0.015613
-3431.4,0.01555
-3495.8,0.018896
-3502.2,0.01308
NaN,NaN
-3501,0.015787
-3511.4,0.017317
-3474.2,0.013374
-3489.4,0.015253
-3472.4,0.017688
-3490.8,0.016295
NaN,NaN
-3462.1,0.013666
-3453.4,0.017301
-3434.7,0.018034
-3409.2,0.014907
-3321.8,0.014293
-3424.2,0.019519
-3438.4,0.01603
-3453.1,0.014068
-3429.7,0.013352
-3345.6,0.016215
-3375.9,0.01678
-3450,0.015003
-3376.3,0.015903
NaN,NaN
NaN,NaN
-3451.6,0.017532
-3371.4,0.017561
-3326,0.015128
-3432.9,0.013017
-3439.7,0.016401
-3420.8,0.016472
NaN,NaN
NaN,NaN
-3328.2,0.013349
-3424.8,0.014549
-3446.4,0.015597
-3457.4,0.014225
-3447.6,0.016536
-3413.2,0.016434
-3424.5,0.013214
NaN,NaN
-3404.3,0.01325
-3413.4,0.016335
-3381.2,0.013874
-3430.1,0.014851
-3421.7,0.013525
-3380.4,0.013923
-3401.5,0.013458
-3293.6,0.015702
-3244.1,0.016591
-3379,0.014122
-3277.9,0.014649
NaN,NaN
-3283.9,0.017549
-3318.2,0.016831
-3398.5,0.015565
-3389.3,0.014698
-3390.1,0.013842
-3376.6,0.016115
-3317.5,0.015106
NaN,NaN
-3356.2,0.014991
-3315.5,0.014486
-3307.4,0.014202
-3307.9,0.013725
-3299.9,0.012208
-3287.9,0.015605
-3280.5,0.014097
-3176.3,0.016483
-3280.6,0.011506
-3304.6,0.016902
-3308.6,0.016423
-3327.7,0.015493
-3230.4,0.015823
-3300.2,0.012482
-3330.6,0.016438
-3421.2,0.015686
-3414.1,0.015384
-3445.5,0.017393
-3423.4,0.01812
-3449.6,0.016063
-3481.8,0.018084
NaN,NaN
-3538.4,0.016476
-3453.9,0.017255
-3535.6,0.014079
-3546.9,0.01418
-3457.7,0.01637
-3586.3,0.017162
-3550.7,0.0174
-3565.2,0.01773
-3658.4,0.01604
-3714.1,0.01504
-3746.6,0.016089
-3738.6,0.017673
-3750.9,0.019643
-3785.8,0.015928
-3768.5,0.01499
-3803,0.018276
-3794.2,0.013968
NaN,NaN
-3847.6,0.014518
-3860,0.012495
-3868,0.018254
NaN,NaN
-3914,0.016238
-3808.3,0.013042
-3855.8,0.015909
-3895.7,0.014898
-3953.1,0.016569
-3977.2,0.019312
-3995.2,0.01823
-4020.4,0.015323
-3997.2,0.015226
-3927.8,0.018216
-3924.4,0.014927
-4079.9,0.014506
-4002.8,0.015963
-4080.1,0.016267
-4067.8,0.018205
-4139.6,0.016858
-4132.4,0.017894
-4035.3,0.01468
NaN,NaN
-4050.8,0.012582
-4169,0.015094
-4185.1,0.012804
NaN,NaN
-4236.2,0.018307
-4224.6,0.015876
-4219.8,0.013015
-4265.2,0.01617
NaN,NaN
-4274.1,0.016476
-4251.2,0.018633
-4239.5,0.015426
-4262.5,0.016851
-4286.3,0.013865
-4308.9,0.01775
-4300.5,0.01792
-4313.8,0.013211
-4295.6,0.019612
-4307.7,0.015577
NaN,NaN
-4318.7,0.015964
-4358.8,0.019721
NaN,NaN
-4341.5,0.014899
-4364,0.017136
-4362.3,0.01697
-4384.7,0.01458
-4349.5,0.016027
-4378.1,0.016217
-4371,0.013571
NaN,NaN
NaN,NaN
-4413.1,0.017017
-4389.7,0.014137
-4429.7,0.017057
-4399.7,0.016444
-4316.9,0.014699
-4403,0.015123
-4430.9,0.019332
-4461.7,0.017641
-4468.4,0.016952
-4402.1,0.016909
-4386.9,0.018721
-4498.3,0.046954
NaN,NaN
-4529.9,0.012026
-4527.8,0.014996
-4494.8,0.014248
-4539.2,0.017297
-4539,0.012367
-4547.2,0.017127
-4581.5,0.015697
NaN,NaN
-4527.4,0.015888
-4585.3,0.015651
-4629,0.016121
-4607,0.015545
-4562.7,0.014444
-4553.8,0.017404
-4616.7,0.014385
-4655.6,0.017302
-4623.5,0.012584
-4619.8,0.015311
-4650.8,0.017605
-4648.4,0.017189
NaN,NaN
-4637.2,0.01677
-4587.3,0.016166
-4655.8,0.017141
-4668.9,0.016237
-4643.4,0.016253
-4685.8,0.01642
NaN,NaN
-4615.7,0.019819
-4676,0.014053
-4695.8,0.015089
-4740.9,0.016718
-4706,0.017048
NaN,NaN
NaN,NaN
-4706.9,0.017025
-4745.7,0.015543
-4631,0.018945
-4633,0.015346
-4692.8,0.015702
-4698.9,0.01642
-4727,0.014371
NaN,NaN
-4768.8,0.017426
-4782.8,0.015731
-4797.6,0.015851
-4823.3,0.017808
-4938.8,0.016477
-4948.7,0.018384
-4932,0.01354
NaN,NaN
-4932.7,0.015966
-4930.2,0.015914
NaN,NaN
NaN,NaN
NaN,NaN
-4934.4,0.012761
NaN,NaN
-4910.2,0.017012
-4913.1,0.016745
-4905.8,0.015912
-4921,0.014686
-4918.6,0.016718
-4915.5,0.012855
-4906,0.016214
-4925.1,0.016703
-4920.6,0.014636
-4894.7,0.015654
-4916.9,0.016318
NaN,NaN
-4918.7,0.014996
-4906.8,0.017955
NaN,NaN
-4931,0.014167
-4928.2,0.014858
-4932.8,0.015907
-4951.7,0.014407
-4929.8,0.018592
-4935.4,0.016427
-4935,0.018202
-4964.7,0.018301
NaN,NaN
-4908.3,0.014153
-4970.6,0.015041
-4905.1,0.021052
-4987.9,0.016618
NaN,NaN
-4959.2,0.0159
-4986.5,0.017852
-4953.6,0.015437
-4922.6,0.01455
-4955.7,0.018335
-4999,0.014561
-4988.5,0.016505
-4979.3,0.013861
-4899.8,0.014238
-4878.5,0.017484
NaN,NaN
-4921.3,0.015724
-4936.3,0.015585
-4932.3,0.015897
NaN,NaN
-4931.8,0.014218
-4939.4,0.016582
-5009.2,0.015645
-5048.4,0.014251
-4975.8,0.013561
-4918.8,0.015995
NaN,NaN
-5059.9,0.017246
-5053.8,0.01525
-5048.1,0.017779
-5018.9,0.016642
NaN,NaN
-4992.7,0.013331
-4996.4,0.013336
-4961.6,0.018028
-4934.3,0.015064
-4897.3,0.018126
-4793,0.014977
-4844.4,0.01597
-4852.8,0.011277
-4802.7,0.015454
NaN,NaN
-4758.9,0.017909
-4737,0.018656
-4709.8,0.013349
-4681.4,0.01592
-4652.3,0.015318
-4621.6,0.015937
-4483.6,0.013478
-4423.9,0.015129
-4495.2,0.015266
-4518.5,0.016051
-4493.1,0.016431
-4465.6,0.016885
-4419.3,0.017681
NaN,NaN
NaN,NaN
-4344,0.011594
-4320.9,0.014033
-4283.4,0.014871
-4255,0.020711
-4169.2,0.015208
-4139,0.018991
-4124.5,0.013478
NaN,NaN
NaN,NaN
NaN,NaN
-4056.6,0.015372
-4014.6,0.016717
-3947.4,0.014615
-3910.8,0.014945
-3839.4,0.015331
-3935.1,0.015124
-3959.8,0.018426
-3944.4,0.014207
-3925.3,0.01417
-3922.3,0.017587
-3904.5,0.015104
-3832.8,0.013543
-3893.2,0.01827
-3876.8,0.014816
-3894.8,0.018082
-3858.9,0.01677
-3790.9,0.016798
-3738.6,0.017967
-3831.1,0.011606
-3823.2,0.016214
NaN,NaN
-3876.6,0.015597
-3853,0.01794
-3838.7,0.015659
-3852.4,0.016843
-3865.4,0.014599
-3840.9,0.014511
-3816.5,0.016969
-3834.8,0.016201
-3710.7,0.017917
-3801.6,0.015933
-3832.8,0.013869
NaN,NaN
-3817.6,0.013673
-3764.5,0.016213
-3802.6,0.015517
-3810,0.01535
-3665.5,0.017554
-3772.4,0.015266
-3806.7,0.015861
-3815,0.015202
-3788.5,0.015214
-3771.7,0.01705
-3764.3,0.017131
-3678.9,0.016423
NaN,NaN
-3735.9,0.015344
-3797.9,0.016289
NaN,NaN
-3805,0.014554
-3794.7,0.015469
-3795.2,0.010936
-3778.9,0.014219
-3778.5,0.011774
-3743.5,0.015658
-3775.5,0.016375
NaN,NaN
NaN,NaN
-3793.7,0.019566
-3816.4,0.018146
-3814,0.017147
-3824.1,0.016009
-3811.5,0.016256
-3743.1,0.013886
NaN,NaN
-3814,0.012649
-3836.4,0.017053
-3823.8,0.015754
-3814.7,0.019545
-3835.6,0.013395
-3821.2,0.014138
-3821.6,0.017407
-3766.4,0.016695
-3790.8,0.01748
-3788.9,0.015253
NaN,NaN
-3784.9,0.01542
-3746.2,0.014747
-3774.8,0.020781
-3794.4,0.017178
-3692.9,0.013766
NaN,NaN
-3786.1,0.013359
-3819.3,0.017626
-3807.4,0.015798
-3790.5,0.016834
-3830.2,0.014116
-3797.8,0.017445
-3720.9,0.013137
NaN,NaN
-3818.1,0.016819
-3869.2,0.016483
-3852.3,0.014083
-3842.1,0.015147
NaN,NaN
-3848.9,0.018862
-3842.5,0.016429
-3866.1,0.020168
-3871.8,0.016256
-3824.6,0.01732
-3861.5,0.016106
-3832.2,0.016128
-3855.2,0.019432
-3853.4,0.019207
-3795.5,0.016043
-3735.4,0.014441
-3849.2,0.016907
-3860.5,0.013468
NaN,NaN
-3865.2,0.015871
-3873.5,0.014596
-3856.8,0.01742
-3854.4,0.011585
-3859.6,0.015025
-3873.2,0.01399
-3896.3,0.017526
-3881.1,0.013673
-3892.7,0.015735
-3894.1,0.017534
-3907.3,0.016099
-3812.2,0.015978
-3861.5,0.014177
-3952.8,0.015439
-3965.1,0.019346
-3988.7,0.016429
-3998.7,0.017116
-3901.1,0.015509
-4002,0.015153
-4055,0.01791
-4061.7,0.016126
-4069.9,0.013913
-4069,0.015638
-4054.2,0.01549
-4069.2,0.020017
-4049.2,0.018633
-4056.1,0.014622
-4033.6,0.015114
-3966.6,0.014455
-3987,0.016708
-3929.7,0.01595
-3959.4,0.018947
-3957.2,0.017471
-3930.5,0.013634
-3911.3,0.016838
-3906.9,0.016707
-3844.5,0.015276
-3785.2,0.015341
-3719.4,0.015144
-3706.2,0.013314
-3708.8,0.016573
-3710.1,0.018581
NaN,NaN
-3706.1,0.016842
-3688,0.016488
-3673.8,0.018167
-3764.5,0.013978
-3814.8,0.016638
-3770,0.014948
-3750.9,0.016226
-3713.8,0.018237
-3674.6,0.015024
-3682.9,0.017236
-3656.7,0.016403
-3580.2,0.019196
-3607.6,0.015388
-3603,0.023855
-3537.9,0.040547
-3560.2,0.016357
-3521.5,0.015028
-3389.5,0.015631
-3481.2,0.019282
-3448,0.01816
-3356.3,0.011941
-3295.6,0.016425
-3399.9,0.016133
-3413.1,0.013646
-3411.9,0.016432
-3401.9,0.015456
-3373.1,0.01742
-3342.5,0.016938
NaN,NaN
-3299.4,0.016266
-3289,0.017854
-3250.3,0.019872
-3147.2,0.012288
NaN,NaN
-3237.1,0.015074
-3246.6,0.013727
NaN,NaN
NaN,NaN
-3185.7,0.013792
-3176.7,0.019045
-3166.5,0.015018
-3128.8,0.018505
-3133.1,0.015973
-3130.4,0.014975
NaN,NaN
-3080.1,0.014345
-3089.2,0.016198
-3082.7,0.012608
-3028,0.018056
-3053,0.014725
-2922.6,0.015526
-2975.7,0.014111
-3047.8,0.013459
-3046.7,0.015
NaN,NaN
NaN,NaN
-3023.9,0.017399
-3039.2,0.014758
-2903.3,0.012364
-2927.4,0.016713
-2986.6,0.017195
-3014.3,0.014715
-3006.3,0.019813
-2893,0.016139
-2837.8,0.014927
-2947.3,0.015546
-2968.7,0.014154
NaN,NaN
-2907.1,0.014682
-2923.7,0.015101
-2931.9,0.015166
-2905,0.018356
-2912.4,0.01429
-2895.2,0.013427
-2737.8,0.015581
-2760.6,0.039406
-2730.9,0.015987
NaN,NaN
-2743.3,0.017973
-2738,0.016572
-2763.3,0.016894
-2845.9,0.015468
-2752.9,0.016701
-2759.6,0.014473
-2686.6,0.027307
-2721.2,0.016049
-2732.3,0.016779
-2718.1,0.015045
-2846.3,0.014295
-2854.6,0.014067
-2812.4,0.015233
-2702.6,0.017452
-2798.4,0.015918
-2797.3,0.016311
-2811.5,0.014879
-2788.9,0.012646
-2792.5,0.01289
-2773.9,0.0154
NaN,NaN
-2681,0.015057
-2714.7,0.018704
-2734.3,0.015998
-2717.1,0.016643
NaN,NaN
-2705.7,0.014389
NaN,NaN
-2663.8,0.01474
-2659.8,0.01442
-2588,0.014186
-2648.1,0.016339
-2622.2,0.014704
-2619.1,0.015592
-2601.2,0.016206
-2597,0.017045
-2598.5,0.016397
-2576.5,0.013222
-2561.2,0.014526
-2558.9,0.015365
-2540.9,0.013951
-2537.9,0.014973
-2531.4,0.015814
-2482.4,0.013873
-2404.6,0.016358
-2530.6,0.017021
-2546.7,0.041639
-2527.1,0.017838
-2460,0.015763
-2386.6,0.015328
-2504.6,0.012815
-2505.8,0.015236
-2454,0.01383
-2393.6,0.013062
-2382.8,0.01914
-2521,0.015953
-2498.2,0.018955
-2483.6,0.014762
-2506.6,0.015087
-2534.2,0.017504
-2524.7,0.01593
-2390.7,0.017533
-2400.4,0.017855
-2475.5,0.015885
-2507.4,0.013335
-2497,0.016145
NaN,NaN
-2473.2,0.018998
-2461,0.017618
-2482,0.016681
-2347.8,0.016652
-2324.4,0.014323
-2359.7,0.019225
-2442.7,0.014169
-2477.2,0.0171
-2475.9,0.015231
-2480.2,0.01566
-2421.4,0.016214
NaN,NaN
-2447,0.015407
-2442.3,0.015427
-2462.7,0.018243
-2443.1,0.018469
-2326.1,0.017476
-2286.2,0.017086
-2456.6,0.014452
-2443.9,0.015834
-2436.9,0.013014
-2450.2,0.016374
-2427.4,0.019588
-2364.6,0.015923
-2283.8,0.017812
-2388.2,0.017992
-2437.5,0.013017
-2416.8,0.016683
NaN,NaN
-2412.6,0.017461
-2390.3,0.015837
-2343.4,0.013765
-2376.1,0.015612
NaN,NaN
-2307.8,0.019883
-2321.3,0.014372
-2265.8,0.016396
-2398,0.017739
-2400.4,0.017628
-2382.4,0.015811
-2403.7,0.017019
-2392.8,0.016719
NaN,NaN
-2376,0.016472
-2347.7,0.016892
-2357.2,0.016015
-2347.5,0.015972
-2293.9,0.014869
-2310.5,0.017657
-2321.7,0.015551
-2318.1,0.016886
-2257.1,0.017196
-2307.5,0.017929
-2250.9,0.015176
-2280.4,0.016043
-2298.1,0.01842
-2278.8,0.015198
-2158,0.015483
-2265.6,0.01623
-2300.1,0.015394
-2240,0.014604
-2301.4,0.01608
NaN,NaN
-2159.7,0.013258
-2289.4,0.016737
NaN,NaN
-2290.5,0.016779
-2271.5,0.016412
-2280.6,0.016008
-2180.9,0.014782
-2264.1,0.017243
-2270.9,0.018726
-2234.2,0.017033
NaN,NaN
-2238,0.010706
-2121,0.015925
-2188.9,0.013705
-2261.1,0.014631
-2204.4,0.015438
-2155.8,0.019156
-2233.6,0.016963
-2248.7,0.019246
-2252.7,0.016203
-2223.3,0.014044
-2240.9,0.018157
-2216,0.01369
-2190.6,0.014628
-2214.1,0.011353
-2206.7,0.015715
-2191.1,0.014595
-2182.7,0.016848
-2191.3,0.014964
-2175.5,0.015864
-2191.2,0.017436
-2181.3,0.014921
-2173.4,0.016952
-2154,0.015806
-2161.1,0.014619
-2153.4,0.015565
-2167.4,0.013073
-2143.3,0.014832
-2141.1,0.01542
-2146.7,0.015315
NaN,NaN
NaN,NaN
-2114.7,0.016769
-2117.5,0.01519
-2111.8,0.015967
-2118.5,0.014583
-2103.1,0.016
-2043.5,0.016638
-2035.1,0.016101
NaN,NaN
-2099.7,0.015836
-2086.3,0.014954
-2061.1,0.014601
-2089.7,0.015285
-2078.4,0.016313
NaN,NaN
-2038.1,0.016183
NaN,NaN
-1947.1,0.013293
-1961.5,0.0156
-1980.1,0.017937
-1995.4,0.017799
-1988.2,0.016926
-2018.3,0.012671
-2021.7,0.017498
-2033,0.013249
-2073.5,0.016683
-2170.8,0.015027
-2185.5,0.019313
-2180.6,0.017324
-2170.7,0.017773
-2092.1,0.017086
-2108,0.013387
-2132.8,0.014275
-2137.7,0.014679
-2100.1,0.014024
-2085.7,0.015996
-2081.7,0.015426
-2067.1,0.015854
-2025.9,0.015113
-2070.9,0.018437
-1970.8,0.015952
-2052.9,0.015411
-2030.4,0.015915
-2022,0.016219
NaN,NaN
-2018,0.015642
-2017.3,0.013799
-1991.1,0.017559
NaN,NaN
NaN,NaN
NaN,NaN
-1984.5,0.016946
-1992,0.016755
-1961.2,0.015556
-1969.6,0.015726
NaN,NaN
-1950.3,0.014174
-1968.6,0.015786
-1918,0.013651
NaN,NaN
-1961,0.014756
-1950.9,0.015187
NaN,NaN
-1925.6,0.01738
-1943.5,0.016786
-1930.4,0.015848
-1938.6,0.015692
NaN,NaN
NaN,NaN
-1923.4,0.016039
-1930.4,0.016551
-1920.4,0.013736
-1907.8,0.019933
NaN,NaN
-1905.1,0.012471
-1913.6,0.015284
-1893.6,0.016563
-1901,0.015735
-1897.1,0.015445
-1895.6,0.017287
-1891.5,0.015644
-1875.1,0.013213
-1865.8,0.013361
NaN,NaN
-1874.4,0.01589
-1836.7,0.015685
-1823.9,0.013141
-1834,0.013548
-1780.9,0.015062
NaN,NaN
-1841.7,0.018659
-1841.8,0.015225
-1873,0.014106
-1850.8,0.015134
-1851.4,0.015749
-1864.5,0.016139
-1854.2,0.014025
-1795,0.012552
-1857,0.016907
-1838.7,0.014723
-1846.8,0.013676
-1830.6,0.02058
-1847.6,0.014859
-1833.9,0.013437
-1764.6,0.01514
NaN,NaN
-1825.8,0.014122
-1836.6,0.012824
-1839.1,0.017366
-1815.8,0.014491
-1828.6,0.014328
-1821,0.016314
NaN,NaN
-1756.4,0.016347
-1825.9,0.014461
-1826.3,0.015239
-1706,0.017209
-1764.1,0.012932
NaN,NaN
-1816,0.014527
NaN,NaN
-1812,0.01656
-1852.2,0.015968
-1854.9,0.016199
-1841,0.0143
-1827.9,0.016022
NaN,NaN
-1820.5,0.015929
NaN,NaN
-1790.9,0.016353
-1805.6,0.014856
-1770.4,0.015065
-1808,0.019144
NaN,NaN
-1787.9,0.017908
-1782.8,0.015884
-1797.4,0.015628
-1792.6,0.013695
-1782.8,0.014318
-1791.3,0.014997
-1716.8,0.01682
-1786.8,0.012246
-1785.1,0.016468
-1771.3,0.014248
-1744.5,0.013123
-1764.4,0.013399
-1774.1,0.011484
NaN,NaN
-1772.5,0.039832
-1764.2,0.013969
NaN,NaN
-1694.5,0.016272
-1757.1,0.015085
-1755.5,0.014897
-1751.1,0.016306
NaN,NaN
-1758.1,0.017175
-1742.6,0.012868
-1671.3,0.012581
-1720.5,0.01531
-1741.1,0.016048
-1747.8,0.016887
-1724,0.020457
-1742.9,0.016608
-1717.8,0.015068
-1719.6,0.015216
NaN,NaN
-1743.2,0.01264
-1728.4,0.016104
-1722.5,0.018744
-1688.2,0.017559
-1725.7,0.018866
-1712.8,0.016312
-1701.7,0.016285
-1692.4,0.015971
-1712.5,0.016963
-1706.7,0.01718
-1707.9,0.016367
-1698.8,0.016496
-1630.3,0.016872
-1695.8,0.016951
-1700.7,0.01698
-1705,0.015253
-1668.6,0.012341
-1687.7,0.013693
-1698.4,0.017997
-1696.5,0.015405
-1584.4,0.016377
-1582.2,0.017667
-1654.5,0.016805
-1710.6,0.014856
-1724.5,0.017481
-1711.3,0.016706
-1718.8,0.015444
-1671.8,0.016012
-1701.4,0.015236
-1710.4,0.013488
-1684.9,0.016971
-1688.4,0.016839
-1714.8,0.015683
-1671.5,0.015232
-1686.3,0.015347
-1667.5,0.018539
-1686,0.014358
-1663.5,0.017048
-1658.9,0.019604
-1676.4,0.015251
-1655.1,0.014804
-1657.6,0.018262
-1672.1,0.014652
NaN,NaN
-1637.7,0.010987
-1629.3,0.013882
-1656.8,0.014666
-1624.2,0.0144
-1670.6,0.015312
-1643.5,0.013191
-1634.8,0.017495
-1640.6,0.017852
-1644.1,0.018239
NaN,NaN
-1617,0.014193
-1623.5,0.013806
-1606.3,0.014396
NaN,NaN
-1619.8,0.017296
-1594.1,0.016405
-1631.5,0.013265
-1634.7,0.01507
-1637.9,0.018735
NaN,NaN
-1631.4,0.038585
-1612.3,0.017296
NaN,NaN
-1609.9,0.013796
-1616.8,0.015343
-1614.5,0.01497
-1601.3,0.017929
-1623.2,0.014478
-1620.6,0.014283
-1619.7,0.016882
NaN,NaN
-1590.2,0.014154
-1510.7,0.018076
-1586.9,0.014137
-1606.6,0.015499
-1600.4,0.012501
NaN,NaN
-1607.6,0.014352
-1593.2,0.016584
-1613.5,0.014748
-1577.8,0.015817
-1580.7,0.015993
NaN,NaN
-1561.7,0.014872
-1537.9,0.015685
-1547.3,0.014493
-1590.2,0.018183
-1575.6,0.01859
NaN,NaN
NaN,NaN
-1554.3,0.015487
-1576,0.014531
-1565.1,0.016271
NaN,NaN
-1556.5,0.015708
-1584,0.025093
NaN,NaN
-1583,0.01685
-1568.9,0.011453
-1594.4,0.013857
-1573.7,0.015403
-1578.9,0.014739
-1557.8,0.0148
-1504.3,0.016699
-1576.4,0.018376
-1574.8,0.017748
-1508.7,0.014984
-1452.1,0.015145
-1422,0.015376
-1562.6,0.014002
-1575.9,0.017547
-1564,0.013893
-1581.5,0.0171
-1546.7,0.012939
-1562,0.013888
-1472.9,0.013258
-1445.6,0.017433
-1468.1,0.015676
-1507.2,0.014653
-1522.1,0.014869
NaN,NaN
-1540.6,0.016826
-1567.3,0.014318
-1560.6,0.014621
-1655.6,0.015307
-1697.1,0.016959
-1692.3,0.017103
-1681.9,0.016664
-1612.3,0.014367
-1534.9,0.014098
-1641.3,0.012965
-1601.6,0.015392
-1665.4,0.016437
-1644.7,0.011803
-1642.5,0.016643
-1626.5,0.015105
NaN,NaN
-1621.5,0.013655
-1555.1,0.015987
-1587,0.013221
-1596.3,0.015824
-1569.2,0.01456
-1556.8,0.015916
-1572.7,0.015758
-1588.4,0.016341
-1563.8,0.015448
-1557.6,0.012583
-1537.3,0.016205
-1560.9,0.018343
-1566.8,0.01584
-1552.2,0.016521
-1546.7,0.016292
-1532.1,0.012803
-1539.4,0.01631
-1537.1,0.015567
-1529.8,0.013431
-1523.7,0.015219
-1523.9,0.013885
-1521.7,0.014068
NaN,NaN
-1391.6,0.016488
-1425.8,0.015749
-1531.4,0.013626
NaN,NaN
-1517.3,0.022304
-1502.9,0.014542
NaN,NaN
-1538.7,0.015903
-1533.2,0.015412
-1488.3,0.016415
-1511.3,0.016078
-1519.8,0.015052
-1483.8,0.015017
-1520.5,0.01609
-1507,0.016922
-1518.9,0.016195
-1501.6,0.01422
-1424.3,0.015649
-1494.5,0.019374
-1547.8,0.015361
-1532.7,0.013067
-1487.7,0.015587
-1495.4,0.01608
-1518.8,0.01375
-1450,0.017267
-1508.7,0.01375
-1475.3,0.013149
-1490.4,0.018171
-1510.6,0.018471
-1488.2,0.018397
-1456.7,0.014009
-1380.3,0.013991
-1442.2,0.015956
NaN,NaN
-1514.6,0.014714
-1517.9,0.013456
-1488.2,0.016629
-1518,0.020407
-1499.8,0.016986
-1480.5,0.015196
-1378.5,0.023215
-1365.1,0.013471
-1481.6,0.015597
-1496.5,0.017981
-1486.8,0.017762
-1496.9,0.01402
-1499,0.014972
-1489.8,0.016784
-1485.3,0.017509
-1480.2,0.012914
-1388.3,0.011984
-1458.5,0.016851
NaN,NaN
-1449.3,0.01634
-1459.4,0.014905
-1468.9,0.014148
-1467.4,0.01722
-1457,0.016024
NaN,NaN
-1425.5,0.016164
-1452,0.014584
NaN,NaN
-1373.5,0.013292
-1467.1,0.015633
-1353,0.013817
-1448.3,0.01437
-1464.8,0.014315
-1495.6,0.019329
-1490.1,0.015281
-1483.3,0.015393
-1481.6,0.014955
-1463,0.018007
-1441.2,0.017185
-1478.1,0.014347
-1431,0.015657
-1435.8,0.016421
-1457.6,0.012461
-1340.4,0.013866
NaN,NaN
-1442.9,0.013804
NaN,NaN
-1463.6,0.014825
NaN,NaN
-1439.4,0.015078
-1434.5,0.01472
-1424,0.014474
-1436.6,0.018769
-1352.9,0.0146
-1293.1,0.015368
-1285.1,0.016503
-1371.5,0.020527
-1315,0.017742
-1301.4,0.014214
-1329.9,0.017269
-1305.3,0.013943
-1307,0.014621
-1415.1,0.017604
-1324.2,0.015564
-1308,0.01529
-1352.5,0.017007
-1324.1,0.017081
-1397.7,0.015475
-1456.8,0.016335
-1436.8,0.016471
-1380.6,0.01765
-1439.6,0.016403
-1436.3,0.015305
-1316.5,0.014263
-1414.9,0.016123
-1431.7,0.015954
-1456.3,0.014272
-1439.6,0.016357
-1434.2,0.015693
-1427.3,0.012715
NaN,NaN
-1420.9,0.01315
-1415.9,0.015613
-1395.2,0.013654
-1410,0.019299
-1404.6,0.016566
-1402.8,0.015026
-1364.2,0.015042
-1324.5,0.013084
-1377.6,0.013145
-1385.6,0.015767
-1367.4,0.013774
-1339.3,0.016251
-1388.4,0.015715
-1369.1,0.015753
-1362.1,0.013878
-1362.3,0.012771
-1371.7,0.013955
-1377.2,0.014517
-1366.1,0.017251
-1363,0.014014
-1349.4,0.01581
-1372.6,0.019157
-1369.5,0.013789
NaN,NaN
NaN,NaN
-1351.6,0.018259
-1344.1,0.013898
-1369.8,0.016966
-1358.2,0.017347
-1350.4,0.011966
-1345,0.015993
-1371,0.014416
NaN,NaN
-1290.1,0.018024
-1344.1,0.013961
-1327.9,0.01584
-1352,0.013364
NaN,NaN
-1258.6,0.018799
-1214.6,0.017104
NaN,NaN
-1365.7,0.017603
